<?xml version="1.0" encoding="UTF-8"?>
<arsystem_xml_report><xform id="KS_SRV_SurveyTemplate" remedy="http://www.w3.org/2000/xforms"><instance><field-info><field><name>Type</name><id>600000600</id><type>CHAR</type></field><field><name>Category</name><id>600000500</id><type>CHAR</type></field><field><name>_ActionThree</name><id>700001043</id><type>CHAR</type></field><field><name>Data_Set</name><id>700000829</id><type>CHAR</type></field><field><name>submitScript</name><id>700001498</id><type>CHAR</type></field><field><name>CategoryInstanceID</name><id>700001923</id><type>CHAR</type></field><field><name>_Next</name><id>700001239</id><type>INTEGER</type></field><field><name>_DefaultServlet</name><id>700002987</id><type>CHAR</type></field><field><name>CustomHeaderContent</name><id>70000100</id><type>CHAR</type></field><field><name>_Last</name><id>700002239</id><type>INTEGER</type></field><field><name>_Multi-Purpose12</name><id>600000101</id><type>CHAR</type></field><field><name>instanceId</name><id>179</id><type>CHAR</type></field><field><name>Display_Name</name><id>700002298</id><type>CHAR</type></field><field><name>AssigneeGroup</name><id>112</id><type>CHAR</type></field><field><name>Survey_Background_Color</name><id>700002297</id><type>CHAR</type></field><field><name>NextSurvey_InstanceID</name><id>700002296</id><type>CHAR</type></field><field><name>Anonymous_URL</name><id>700002489</id><type>CHAR</type></field><field><name>Run Complete Trees</name><id>700073503</id><type>ENUM</type></field><field><name>Run Create Trees</name><id>700073502</id><type>ENUM</type></field><field><name>Application</name><id>700036000</id><type>CHAR</type></field><field><name>Task Engine</name><id>700073501</id><type>ENUM</type></field><field><name>AllowAnonymous</name><id>700002486</id><type>ENUM</type></field><field><name>SubmitImmediately</name><id>700073500</id><type>ENUM</type></field><field><name>Last_Status</name><id>700073400</id><type>ENUM</type></field><field><name>LockedBy_ARSID</name><id>700073302</id><type>CHAR</type></field><field><name>LockedBy_Display</name><id>700073301</id><type>CHAR</type></field><field><name>Template_Locked</name><id>700073300</id><type>ENUM</type></field><field><name>Version</name><id>700071008</id><type>CHAR</type></field><field><name>_NewDisplayNameURL</name><id>700073202</id><type>CHAR</type></field><field><name>_NewSurveyDescription</name><id>700073201</id><type>CHAR</type></field><field><name>Locale</name><id>160</id><type>CHAR</type></field><field><name>_CloneInstanceID</name><id>700000414</id><type>CHAR</type></field><field><name>_NewSurveyName</name><id>700073200</id><type>CHAR</type></field><field><name>Priority</name><id>700061010</id><type>INTEGER</type></field><field><name>_Encoded_URL</name><id>700009874</id><type>CHAR</type></field><field><name>_ActionTwo</name><id>600000043</id><type>CHAR</type></field><field><name>_ActionOne</name><id>600000042</id><type>CHAR</type></field><field><name>Survey_Description</name><id>700001010</id><type>CHAR</type></field><field><name>MessageTemplateInstanceID</name><id>700001859</id><type>CHAR</type></field><field><name>Review_Request_JSP</name><id>702031804</id><type>CHAR</type></field><field><name>_Server_Version</name><id>702031803</id><type>CHAR</type></field><field><name>SubmissionAssigneeGroup</name><id>702031801</id><type>CHAR</type></field><field><name>Management Group</name><id>702031800</id><type>CHAR</type></field><field><name>Survey_Context</name><id>700002302</id><type>CHAR</type></field><field><name>Short Description</name><id>8</id><type>CHAR</type></field><field><name>Display_Page</name><id>700002301</id><type>CHAR</type></field><field><name>Status</name><id>7</id><type>ENUM</type></field><field><name>OriginalTemplateInstanceID</name><id>700001107</id><type>CHAR</type></field><field><name>Modified Date</name><id>6</id><type>TIME</type></field><field><name>Last Modified By</name><id>5</id><type>CHAR</type></field><field><name>CombineAnswers</name><id>700002268</id><type>ENUM</type></field><field><name>Assigned To</name><id>4</id><type>CHAR</type></field><field><name>Create Date</name><id>3</id><type>TIME</type></field><field><name>Submitter</name><id>2</id><type>CHAR</type></field><field><name>Message_Template</name><id>700001261</id><type>CHAR</type></field><field><name>_OpenSection</name><id>70000098</id><type>CHAR</type></field><field><name>SurveyID</name><id>1</id><type>CHAR</type></field><field><name>_OpenPage</name><id>70000097</id><type>CHAR</type></field><field><name>_ElementType</name><id>70000095</id><type>CHAR</type></field><field><name>_Multi-Purpose10</name><id>600000099</id><type>CHAR</type></field><field><name>_ElementTypeField_ID</name><id>70000094</id><type>CHAR</type></field><field><name>_Multi-Purpose9</name><id>600000098</id><type>CHAR</type></field><field><name>_Multi-Purpose7</name><id>600000096</id><type>CHAR</type></field><field><name>CustomerNotificationMethod</name><id>700001160</id><type>CHAR</type></field><field><name>_Multi-Purpose6</name><id>600000095</id><type>CHAR</type></field><field><name>Survey_Template_Name</name><id>700001000</id><type>CHAR</type></field><field><name>_Multi-Purpose5</name><id>600000094</id><type>CHAR</type></field><field><name>_OrigCategoryName</name><id>700003102</id><type>CHAR</type></field><field><name>_Multi-Purpose4</name><id>600000093</id><type>CHAR</type></field><field><name>_OrigTemplateName</name><id>700003101</id><type>CHAR</type></field><field><name>_Multi-Purpose3</name><id>600000092</id><type>CHAR</type></field><field><name>_Multi-Purpose2</name><id>600000091</id><type>CHAR</type></field><field><name>_ActionFour</name><id>700002000</id><type>CHAR</type></field><field><name>_Multi-Purpose</name><id>600000090</id><type>CHAR</type></field><field><name>Authentication_URL</name><id>700003002</id><type>CHAR</type></field><field><name>Require_Authentication</name><id>700003001</id><type>ENUM</type></field><field><name>Submissions Lockable By</name><id>700002458</id><type>CHAR</type></field><field><name>Authentication_Type</name><id>700003000</id><type>CHAR</type></field><field><name>Submissions Unlockable By</name><id>700002457</id><type>CHAR</type></field><field><name>Submissions Lock Expiration</name><id>700002456</id><type>CHAR</type></field><field><name>Submissions Lockable</name><id>700002455</id><type>CHAR</type></field><field><name>Header_Text_Style</name><id>600000320</id><type>CHAR</type></field><field><name>Web_Server_URL</name><id>700001259</id><type>CHAR</type></field><field><name>_ElementInstanceID</name><id>70000125</id><type>CHAR</type></field><field><name>_QuestionID</name><id>70000122</id><type>CHAR</type></field><field><name>_QuestionField_ID</name><id>70000121</id><type>CHAR</type></field><field><name>DeployNow</name><id>700002259</id><type>ENUM</type></field><field><name>_ReNumberValue</name><id>70000120</id><type>INTEGER</type></field><field><name>_AttachmentTypeField_ID</name><id>70000089</id><type>CHAR</type></field><field><name>_AttachmentFormNameField_ID</name><id>70000088</id><type>CHAR</type></field><field><name>_ValueField_ID</name><id>70000087</id><type>CHAR</type></field><field><name>_OrderField_ID</name><id>70000086</id><type>CHAR</type></field><field><name>_CurrentListValue</name><id>70000085</id><type>CHAR</type></field><field><name>_FormID</name><id>70000083</id><type>CHAR</type></field><field><name>_SurveyInstanceID_Field_ID</name><id>70000082</id><type>CHAR</type></field><field><name>Survey_Method</name><id>700001150</id><type>CHAR</type></field><field><name>_CurrentItem</name><id>70000081</id><type>CHAR</type></field><field><name>_ValuesApplied</name><id>70000080</id><type>CHAR</type></field><field><name>SpecialTemplate</name><id>702020010</id><type>CHAR</type></field><field><name>_AuditContext</name><id>600001020</id><type>CHAR</type></field></field-info><entry id="000000000000012"><field_value id="600000600"><value>DATES</value></field_value><field_value id="600000500"><value>SYSTEM_DEFAULTS</value></field_value><field_value id="700001043"/><field_value id="700000829"><value>SYSTEM_DEFAULTS</value></field_value><field_value id="700001498"/><field_value id="700001923"><value>KR000C29497A1A3r2jRQCDWHJAKBUA</value></field_value><field_value id="700001239"/><field_value id="700002987"/><field_value id="70000100"/><field_value id="700002239"/><field_value id="600000101"/><field_value id="179"><value>KS000C29497A1Aa6fURQjJ_GCgXRsA</value></field_value><field_value id="700002298"/><field_value id="112"><value>0;</value></field_value><field_value id="700002297"><value>#FFFFFF</value></field_value><field_value id="700002296"/><field_value id="700002489"><value>http://request52.kineticdata.com:8181/kinetic/DisplayPage?srv=KS000C29497A1Aa6fURQjJ_GCgXRsA</value></field_value><field_value id="700073503"/><field_value id="700073502"/><field_value id="700036000"><value>Kinetic Request</value></field_value><field_value id="700073501"/><field_value id="700002486"><value>0</value></field_value><field_value id="700073500"/><field_value id="700073400"><value>0</value></field_value><field_value id="700073302"/><field_value id="700073301"/><field_value id="700073300"/><field_value id="700071008"/><field_value id="700073202"/><field_value id="700073201"/><field_value id="160"/><field_value id="700000414"/><field_value id="700073200"/><field_value id="700061010"/><field_value id="700009874"/><field_value id="600000043"/><field_value id="600000042"/><field_value id="700001010"><value>Use this to set dates for other locales</value></field_value><field_value id="700001859"/><field_value id="702031804"/><field_value id="702031803"><value> 7.00.01 patch 012 201010211330</value></field_value><field_value id="702031801"><value>Public</value></field_value><field_value id="702031800"><value>Public</value></field_value><field_value id="700002302"/><field_value id="8"><value>na</value></field_value><field_value id="700002301"><value>/displayPage.jsp</value></field_value><field_value id="7"><value>0</value></field_value><field_value id="700001107"><value>KS000C29497A1Aa6fURQjJ_GCgXRsA</value></field_value><field_value id="6"><value>1371080127</value></field_value><field_value id="5"><value>Demo</value></field_value><field_value id="700002268"/><field_value id="4"/><field_value id="3"><value>1171593222</value></field_value><field_value id="2"><value>Demo</value></field_value><field_value id="700001261"/><field_value id="70000098"/><field_value id="1"><value>000000000000012</value></field_value><field_value id="70000097"/><field_value id="70000095"/><field_value id="600000099"/><field_value id="70000094"/><field_value id="600000098"/><field_value id="600000096"/><field_value id="700001160"/><field_value id="600000095"/><field_value id="700001000"><value>Locale Specific Dates-Request</value></field_value><field_value id="600000094"/><field_value id="700003102"/><field_value id="600000093"/><field_value id="700003101"/><field_value id="600000092"/><field_value id="600000091"/><field_value id="700002000"/><field_value id="600000090"/><field_value id="700003002"/><field_value id="700003001"/><field_value id="700002458"><value>Public</value></field_value><field_value id="700003000"/><field_value id="700002457"><value>Public</value></field_value><field_value id="700002456"><value>0</value></field_value><field_value id="700002455"><value>None</value></field_value><field_value id="600000320"/><field_value id="700001259"><value>http://request52.kineticdata.com:8181/kinetic/</value></field_value><field_value id="70000125"/><field_value id="70000122"/><field_value id="70000121"/><field_value id="700002259"/><field_value id="70000120"/><field_value id="70000089"/><field_value id="70000088"/><field_value id="70000087"/><field_value id="70000086"/><field_value id="70000085"/><field_value id="70000083"/><field_value id="70000082"/><field_value id="700001150"><value>Email</value></field_value><field_value id="70000081"/><field_value id="70000080"/><field_value id="702020010"/><field_value id="600001020"/></entry></instance></xform></arsystem_xml_report>