<?xml version="1.0" encoding="UTF-8"?>
<arsystem_xml_report><xform id="KS_SRV_SurveyQuestionChoice" remedy="http://www.w3.org/2000/xforms"><instance><field-info><field><name>_Multi-Purpose12</name><id>600000101</id><type>CHAR</type></field><field><name>Label</name><id>700000820</id><type>CHAR</type></field><field><name>SurveyInstanceID</name><id>700000850</id><type>CHAR</type></field><field><name>Order</name><id>700000014</id><type>INTEGER</type></field><field><name>Score</name><id>700000013</id><type>INTEGER</type></field><field><name>_AuditContext</name><id>600001020</id><type>CHAR</type></field><field><name>Clone_SourceInstanceID</name><id>700001046</id><type>CHAR</type></field><field><name>_Multi-Purpose10</name><id>600000099</id><type>CHAR</type></field><field><name>_Multi-Purpose9</name><id>600000098</id><type>CHAR</type></field><field><name>Choice_Type</name><id>700000800</id><type>CHAR</type></field><field><name>_Multi-Purpose7</name><id>600000096</id><type>CHAR</type></field><field><name>_Multi-Purpose6</name><id>600000095</id><type>CHAR</type></field><field><name>_Multi-Purpose5</name><id>600000094</id><type>CHAR</type></field><field><name>_Multi-Purpose4</name><id>600000093</id><type>CHAR</type></field><field><name>_Multi-Purpose3</name><id>600000092</id><type>CHAR</type></field><field><name>_Multi-Purpose2</name><id>600000091</id><type>CHAR</type></field><field><name>instanceId</name><id>179</id><type>CHAR</type></field><field><name>_Multi-Purpose</name><id>600000090</id><type>CHAR</type></field><field><name>GenericChoice</name><id>600000820</id><type>ENUM</type></field><field><name>AssigneeGroup</name><id>112</id><type>CHAR</type></field><field><name>Application</name><id>700036000</id><type>CHAR</type></field><field><name>Short Description</name><id>8</id><type>CHAR</type></field><field><name>Value</name><id>700000810</id><type>CHAR</type></field><field><name>Status</name><id>7</id><type>ENUM</type></field><field><name>Modified Date</name><id>6</id><type>TIME</type></field><field><name>_ActionTwo</name><id>600000043</id><type>CHAR</type></field><field><name>Last Modified By</name><id>5</id><type>CHAR</type></field><field><name>Assigned To</name><id>4</id><type>CHAR</type></field><field><name>_ActionOne</name><id>600000042</id><type>CHAR</type></field><field><name>Create Date</name><id>3</id><type>TIME</type></field><field><name>Submitter</name><id>2</id><type>CHAR</type></field><field><name>Request ID</name><id>1</id><type>CHAR</type></field></field-info><entry id="000000000000030"><field_value id="600000101"/><field_value id="700000820"><value>January</value></field_value><field_value id="700000850"><value>KS000C29497A1Aa6fURQjJ_GCgXRsA</value></field_value><field_value id="700000014"><value>1</value></field_value><field_value id="700000013"><value>0</value></field_value><field_value id="600001020"/><field_value id="700001046"/><field_value id="600000099"/><field_value id="600000098"/><field_value id="700000800"><value>English Dates-Full</value></field_value><field_value id="600000096"/><field_value id="600000095"/><field_value id="600000094"/><field_value id="600000093"/><field_value id="600000092"/><field_value id="600000091"/><field_value id="179"><value>AG000C29497A1AsafURQE6_HCgbRsA</value></field_value><field_value id="600000090"/><field_value id="600000820"/><field_value id="112"/><field_value id="700036000"/><field_value id="8"><value>na</value></field_value><field_value id="700000810"><value>01</value></field_value><field_value id="7"><value>0</value></field_value><field_value id="6"><value>1171631351</value></field_value><field_value id="600000043"/><field_value id="5"><value>Demo</value></field_value><field_value id="4"/><field_value id="600000042"/><field_value id="3"><value>1171593265</value></field_value><field_value id="2"><value>Demo</value></field_value><field_value id="1"><value>000000000000030</value></field_value></entry><entry id="000000000000031"><field_value id="600000101"/><field_value id="700000820"><value>February</value></field_value><field_value id="700000850"><value>KS000C29497A1Aa6fURQjJ_GCgXRsA</value></field_value><field_value id="700000014"><value>2</value></field_value><field_value id="700000013"><value>0</value></field_value><field_value id="600001020"/><field_value id="700001046"/><field_value id="600000099"/><field_value id="600000098"/><field_value id="700000800"><value>English Dates-Full</value></field_value><field_value id="600000096"/><field_value id="600000095"/><field_value id="600000094"/><field_value id="600000093"/><field_value id="600000092"/><field_value id="600000091"/><field_value id="179"><value>AG000C29497A1At6fURQRsbHCgbhsA</value></field_value><field_value id="600000090"/><field_value id="600000820"/><field_value id="112"/><field_value id="700036000"/><field_value id="8"><value>na</value></field_value><field_value id="700000810"><value>02</value></field_value><field_value id="7"><value>0</value></field_value><field_value id="6"><value>1171631359</value></field_value><field_value id="600000043"/><field_value id="5"><value>Demo</value></field_value><field_value id="4"/><field_value id="600000042"/><field_value id="3"><value>1171593271</value></field_value><field_value id="2"><value>Demo</value></field_value><field_value id="1"><value>000000000000031</value></field_value></entry><entry id="000000000000032"><field_value id="600000101"/><field_value id="700000820"><value>March</value></field_value><field_value id="700000850"><value>KS000C29497A1Aa6fURQjJ_GCgXRsA</value></field_value><field_value id="700000014"><value>3</value></field_value><field_value id="700000013"><value>0</value></field_value><field_value id="600001020"/><field_value id="700001046"/><field_value id="600000099"/><field_value id="600000098"/><field_value id="700000800"><value>English Dates-Full</value></field_value><field_value id="600000096"/><field_value id="600000095"/><field_value id="600000094"/><field_value id="600000093"/><field_value id="600000092"/><field_value id="600000091"/><field_value id="179"><value>AG000C29497A1AvKfURQMNrHCgbxsA</value></field_value><field_value id="600000090"/><field_value id="600000820"/><field_value id="112"/><field_value id="700036000"/><field_value id="8"><value>na</value></field_value><field_value id="700000810"><value>03</value></field_value><field_value id="7"><value>0</value></field_value><field_value id="6"><value>1171631364</value></field_value><field_value id="600000043"/><field_value id="5"><value>Demo</value></field_value><field_value id="4"/><field_value id="600000042"/><field_value id="3"><value>1171593276</value></field_value><field_value id="2"><value>Demo</value></field_value><field_value id="1"><value>000000000000032</value></field_value></entry><entry id="000000000000033"><field_value id="600000101"/><field_value id="700000820"><value>April</value></field_value><field_value id="700000850"><value>KS000C29497A1Aa6fURQjJ_GCgXRsA</value></field_value><field_value id="700000014"><value>4</value></field_value><field_value id="700000013"><value>0</value></field_value><field_value id="600001020"/><field_value id="700001046"/><field_value id="600000099"/><field_value id="600000098"/><field_value id="700000800"><value>English Dates-Full</value></field_value><field_value id="600000096"/><field_value id="600000095"/><field_value id="600000094"/><field_value id="600000093"/><field_value id="600000092"/><field_value id="600000091"/><field_value id="179"><value>AG000C29497A1AwafURQv#_HCgcBsA</value></field_value><field_value id="600000090"/><field_value id="600000820"/><field_value id="112"/><field_value id="700036000"/><field_value id="8"><value>na</value></field_value><field_value id="700000810"><value>04</value></field_value><field_value id="7"><value>0</value></field_value><field_value id="6"><value>1171631369</value></field_value><field_value id="600000043"/><field_value id="5"><value>Demo</value></field_value><field_value id="4"/><field_value id="600000042"/><field_value id="3"><value>1171593281</value></field_value><field_value id="2"><value>Demo</value></field_value><field_value id="1"><value>000000000000033</value></field_value></entry><entry id="000000000000034"><field_value id="600000101"/><field_value id="700000820"><value>May</value></field_value><field_value id="700000850"><value>KS000C29497A1Aa6fURQjJ_GCgXRsA</value></field_value><field_value id="700000014"><value>5</value></field_value><field_value id="700000013"><value>0</value></field_value><field_value id="600001020"/><field_value id="700001046"/><field_value id="600000099"/><field_value id="600000098"/><field_value id="700000800"><value>English Dates-Full</value></field_value><field_value id="600000096"/><field_value id="600000095"/><field_value id="600000094"/><field_value id="600000093"/><field_value id="600000092"/><field_value id="600000091"/><field_value id="179"><value>AG000C29497A1AyafURQDQ3ICgcRsA</value></field_value><field_value id="600000090"/><field_value id="600000820"/><field_value id="112"/><field_value id="700036000"/><field_value id="8"><value>na</value></field_value><field_value id="700000810"><value>05</value></field_value><field_value id="7"><value>0</value></field_value><field_value id="6"><value>1171631374</value></field_value><field_value id="600000043"/><field_value id="5"><value>Demo</value></field_value><field_value id="4"/><field_value id="600000042"/><field_value id="3"><value>1171593289</value></field_value><field_value id="2"><value>Demo</value></field_value><field_value id="1"><value>000000000000034</value></field_value></entry><entry id="000000000000035"><field_value id="600000101"/><field_value id="700000820"><value>June</value></field_value><field_value id="700000850"><value>KS000C29497A1Aa6fURQjJ_GCgXRsA</value></field_value><field_value id="700000014"><value>6</value></field_value><field_value id="700000013"><value>0</value></field_value><field_value id="600001020"/><field_value id="700001046"/><field_value id="600000099"/><field_value id="600000098"/><field_value id="700000800"><value>English Dates-Full</value></field_value><field_value id="600000096"/><field_value id="600000095"/><field_value id="600000094"/><field_value id="600000093"/><field_value id="600000092"/><field_value id="600000091"/><field_value id="179"><value>AG000C29497A1A0qfURQDS_ICgchsA</value></field_value><field_value id="600000090"/><field_value id="600000820"/><field_value id="112"/><field_value id="700036000"/><field_value id="8"><value>na</value></field_value><field_value id="700000810"><value>06</value></field_value><field_value id="7"><value>0</value></field_value><field_value id="6"><value>1171631378</value></field_value><field_value id="600000043"/><field_value id="5"><value>Demo</value></field_value><field_value id="4"/><field_value id="600000042"/><field_value id="3"><value>1171593298</value></field_value><field_value id="2"><value>Demo</value></field_value><field_value id="1"><value>000000000000035</value></field_value></entry><entry id="000000000000036"><field_value id="600000101"/><field_value id="700000820"><value>July</value></field_value><field_value id="700000850"><value>KS000C29497A1Aa6fURQjJ_GCgXRsA</value></field_value><field_value id="700000014"><value>7</value></field_value><field_value id="700000013"><value>0</value></field_value><field_value id="600001020"/><field_value id="700001046"/><field_value id="600000099"/><field_value id="600000098"/><field_value id="700000800"><value>English Dates-Full</value></field_value><field_value id="600000096"/><field_value id="600000095"/><field_value id="600000094"/><field_value id="600000093"/><field_value id="600000092"/><field_value id="600000091"/><field_value id="179"><value>AG000C29497A1A16fURQ#kXICgcxsA</value></field_value><field_value id="600000090"/><field_value id="600000820"/><field_value id="112"/><field_value id="700036000"/><field_value id="8"><value>na</value></field_value><field_value id="700000810"><value>07</value></field_value><field_value id="7"><value>0</value></field_value><field_value id="6"><value>1171631385</value></field_value><field_value id="600000043"/><field_value id="5"><value>Demo</value></field_value><field_value id="4"/><field_value id="600000042"/><field_value id="3"><value>1171593303</value></field_value><field_value id="2"><value>Demo</value></field_value><field_value id="1"><value>000000000000036</value></field_value></entry><entry id="000000000000037"><field_value id="600000101"/><field_value id="700000820"><value>August</value></field_value><field_value id="700000850"><value>KS000C29497A1Aa6fURQjJ_GCgXRsA</value></field_value><field_value id="700000014"><value>8</value></field_value><field_value id="700000013"><value>0</value></field_value><field_value id="600001020"/><field_value id="700001046"/><field_value id="600000099"/><field_value id="600000098"/><field_value id="700000800"><value>English Dates-Full</value></field_value><field_value id="600000096"/><field_value id="600000095"/><field_value id="600000094"/><field_value id="600000093"/><field_value id="600000092"/><field_value id="600000091"/><field_value id="179"><value>AG000C29497A1A3qfURQE2DICgdBsA</value></field_value><field_value id="600000090"/><field_value id="600000820"/><field_value id="112"/><field_value id="700036000"/><field_value id="8"><value>na</value></field_value><field_value id="700000810"><value>08</value></field_value><field_value id="7"><value>0</value></field_value><field_value id="6"><value>1171631391</value></field_value><field_value id="600000043"/><field_value id="5"><value>Demo</value></field_value><field_value id="4"/><field_value id="600000042"/><field_value id="3"><value>1171593310</value></field_value><field_value id="2"><value>Demo</value></field_value><field_value id="1"><value>000000000000037</value></field_value></entry><entry id="000000000000038"><field_value id="600000101"/><field_value id="700000820"><value>September</value></field_value><field_value id="700000850"><value>KS000C29497A1Aa6fURQjJ_GCgXRsA</value></field_value><field_value id="700000014"><value>9</value></field_value><field_value id="700000013"><value>0</value></field_value><field_value id="600001020"/><field_value id="700001046"/><field_value id="600000099"/><field_value id="600000098"/><field_value id="700000800"><value>English Dates-Full</value></field_value><field_value id="600000096"/><field_value id="600000095"/><field_value id="600000094"/><field_value id="600000093"/><field_value id="600000092"/><field_value id="600000091"/><field_value id="179"><value>AG000C29497A1A46fURQdXTICgdRsA</value></field_value><field_value id="600000090"/><field_value id="600000820"/><field_value id="112"/><field_value id="700036000"/><field_value id="8"><value>na</value></field_value><field_value id="700000810"><value>09</value></field_value><field_value id="7"><value>0</value></field_value><field_value id="6"><value>1171631396</value></field_value><field_value id="600000043"/><field_value id="5"><value>Demo</value></field_value><field_value id="4"/><field_value id="600000042"/><field_value id="3"><value>1171593315</value></field_value><field_value id="2"><value>Demo</value></field_value><field_value id="1"><value>000000000000038</value></field_value></entry><entry id="000000000000039"><field_value id="600000101"/><field_value id="700000820"><value>October</value></field_value><field_value id="700000850"><value>KS000C29497A1Aa6fURQjJ_GCgXRsA</value></field_value><field_value id="700000014"><value>10</value></field_value><field_value id="700000013"><value>0</value></field_value><field_value id="600001020"/><field_value id="700001046"/><field_value id="600000099"/><field_value id="600000098"/><field_value id="700000800"><value>English Dates-Full</value></field_value><field_value id="600000096"/><field_value id="600000095"/><field_value id="600000094"/><field_value id="600000093"/><field_value id="600000092"/><field_value id="600000091"/><field_value id="179"><value>AG000C29497A1A6KfURQ54fICgdhsA</value></field_value><field_value id="600000090"/><field_value id="600000820"/><field_value id="112"/><field_value id="700036000"/><field_value id="8"><value>na</value></field_value><field_value id="700000810"><value>10</value></field_value><field_value id="7"><value>0</value></field_value><field_value id="6"><value>1171593320</value></field_value><field_value id="600000043"/><field_value id="5"><value>Demo</value></field_value><field_value id="4"/><field_value id="600000042"/><field_value id="3"><value>1171593320</value></field_value><field_value id="2"><value>Demo</value></field_value><field_value id="1"><value>000000000000039</value></field_value></entry><entry id="000000000000040"><field_value id="600000101"/><field_value id="700000820"><value>November</value></field_value><field_value id="700000850"><value>KS000C29497A1Aa6fURQjJ_GCgXRsA</value></field_value><field_value id="700000014"><value>11</value></field_value><field_value id="700000013"><value>0</value></field_value><field_value id="600001020"/><field_value id="700001046"/><field_value id="600000099"/><field_value id="600000098"/><field_value id="700000800"><value>English Dates-Full</value></field_value><field_value id="600000096"/><field_value id="600000095"/><field_value id="600000094"/><field_value id="600000093"/><field_value id="600000092"/><field_value id="600000091"/><field_value id="179"><value>AG000C29497A1A8KfURQPqfICgdxsA</value></field_value><field_value id="600000090"/><field_value id="600000820"/><field_value id="112"/><field_value id="700036000"/><field_value id="8"><value>na</value></field_value><field_value id="700000810"><value>11</value></field_value><field_value id="7"><value>0</value></field_value><field_value id="6"><value>1171593328</value></field_value><field_value id="600000043"/><field_value id="5"><value>Demo</value></field_value><field_value id="4"/><field_value id="600000042"/><field_value id="3"><value>1171593328</value></field_value><field_value id="2"><value>Demo</value></field_value><field_value id="1"><value>000000000000040</value></field_value></entry><entry id="000000000000041"><field_value id="600000101"/><field_value id="700000820"><value>December</value></field_value><field_value id="700000850"><value>KS000C29497A1Aa6fURQjJ_GCgXRsA</value></field_value><field_value id="700000014"><value>12</value></field_value><field_value id="700000013"><value>0</value></field_value><field_value id="600001020"/><field_value id="700001046"/><field_value id="600000099"/><field_value id="600000098"/><field_value id="700000800"><value>English Dates-Full</value></field_value><field_value id="600000096"/><field_value id="600000095"/><field_value id="600000094"/><field_value id="600000093"/><field_value id="600000092"/><field_value id="600000091"/><field_value id="179"><value>AG000C29497A1A96fURQtcLICgeBsA</value></field_value><field_value id="600000090"/><field_value id="600000820"/><field_value id="112"/><field_value id="700036000"/><field_value id="8"><value>na</value></field_value><field_value id="700000810"><value>12</value></field_value><field_value id="7"><value>0</value></field_value><field_value id="6"><value>1171593335</value></field_value><field_value id="600000043"/><field_value id="5"><value>Demo</value></field_value><field_value id="4"/><field_value id="600000042"/><field_value id="3"><value>1171593335</value></field_value><field_value id="2"><value>Demo</value></field_value><field_value id="1"><value>000000000000041</value></field_value></entry><entry id="000000000000042"><field_value id="600000101"/><field_value id="700000820"><value>enero</value></field_value><field_value id="700000850"><value>KS000C29497A1Aa6fURQjJ_GCgXRsA</value></field_value><field_value id="700000014"><value>1</value></field_value><field_value id="700000013"><value>0</value></field_value><field_value id="600001020"/><field_value id="700001046"/><field_value id="600000099"/><field_value id="600000098"/><field_value id="700000800"><value>Spanish Dates-Full</value></field_value><field_value id="600000096"/><field_value id="600000095"/><field_value id="600000094"/><field_value id="600000093"/><field_value id="600000092"/><field_value id="600000091"/><field_value id="179"><value>AG000C29497A1ATuTVRQ0nOcDwhiAA</value></field_value><field_value id="600000090"/><field_value id="600000820"/><field_value id="112"/><field_value id="700036000"/><field_value id="8"><value>na</value></field_value><field_value id="700000810"><value>01</value></field_value><field_value id="7"><value>0</value></field_value><field_value id="6"><value>1171674318</value></field_value><field_value id="600000043"/><field_value id="5"><value>Demo</value></field_value><field_value id="4"/><field_value id="600000042"/><field_value id="3"><value>1171674318</value></field_value><field_value id="2"><value>Demo</value></field_value><field_value id="1"><value>000000000000042</value></field_value></entry><entry id="000000000000043"><field_value id="600000101"/><field_value id="700000820"><value>febrero</value></field_value><field_value id="700000850"><value>KS000C29497A1Aa6fURQjJ_GCgXRsA</value></field_value><field_value id="700000014"><value>2</value></field_value><field_value id="700000013"><value>0</value></field_value><field_value id="600001020"/><field_value id="700001046"/><field_value id="600000099"/><field_value id="600000098"/><field_value id="700000800"><value>Spanish Dates-Full</value></field_value><field_value id="600000096"/><field_value id="600000095"/><field_value id="600000094"/><field_value id="600000093"/><field_value id="600000092"/><field_value id="600000091"/><field_value id="179"><value>AG000C29497A1AWOTVRQ3ZqcDwhyAA</value></field_value><field_value id="600000090"/><field_value id="600000820"/><field_value id="112"/><field_value id="700036000"/><field_value id="8"><value>na</value></field_value><field_value id="700000810"><value>02</value></field_value><field_value id="7"><value>0</value></field_value><field_value id="6"><value>1171674328</value></field_value><field_value id="600000043"/><field_value id="5"><value>Demo</value></field_value><field_value id="4"/><field_value id="600000042"/><field_value id="3"><value>1171674328</value></field_value><field_value id="2"><value>Demo</value></field_value><field_value id="1"><value>000000000000043</value></field_value></entry><entry id="000000000000044"><field_value id="600000101"/><field_value id="700000820"><value>marzo</value></field_value><field_value id="700000850"><value>KS000C29497A1Aa6fURQjJ_GCgXRsA</value></field_value><field_value id="700000014"><value>3</value></field_value><field_value id="700000013"><value>0</value></field_value><field_value id="600001020"/><field_value id="700001046"/><field_value id="600000099"/><field_value id="600000098"/><field_value id="700000800"><value>Spanish Dates-Full</value></field_value><field_value id="600000096"/><field_value id="600000095"/><field_value id="600000094"/><field_value id="600000093"/><field_value id="600000092"/><field_value id="600000091"/><field_value id="179"><value>AG000C29497A1AXuTVRQn7WcDwiCAA</value></field_value><field_value id="600000090"/><field_value id="600000820"/><field_value id="112"/><field_value id="700036000"/><field_value id="8"><value>na</value></field_value><field_value id="700000810"><value>03</value></field_value><field_value id="7"><value>0</value></field_value><field_value id="6"><value>1171674334</value></field_value><field_value id="600000043"/><field_value id="5"><value>Demo</value></field_value><field_value id="4"/><field_value id="600000042"/><field_value id="3"><value>1171674334</value></field_value><field_value id="2"><value>Demo</value></field_value><field_value id="1"><value>000000000000044</value></field_value></entry><entry id="000000000000045"><field_value id="600000101"/><field_value id="700000820"><value>abril</value></field_value><field_value id="700000850"><value>KS000C29497A1Aa6fURQjJ_GCgXRsA</value></field_value><field_value id="700000014"><value>4</value></field_value><field_value id="700000013"><value>0</value></field_value><field_value id="600001020"/><field_value id="700001046"/><field_value id="600000099"/><field_value id="600000098"/><field_value id="700000800"><value>Spanish Dates-Full</value></field_value><field_value id="600000096"/><field_value id="600000095"/><field_value id="600000094"/><field_value id="600000093"/><field_value id="600000092"/><field_value id="600000091"/><field_value id="179"><value>AG000C29497A1AZuTVRQbtOcDwiSAA</value></field_value><field_value id="600000090"/><field_value id="600000820"/><field_value id="112"/><field_value id="700036000"/><field_value id="8"><value>na</value></field_value><field_value id="700000810"><value>04</value></field_value><field_value id="7"><value>0</value></field_value><field_value id="6"><value>1171674342</value></field_value><field_value id="600000043"/><field_value id="5"><value>Demo</value></field_value><field_value id="4"/><field_value id="600000042"/><field_value id="3"><value>1171674342</value></field_value><field_value id="2"><value>Demo</value></field_value><field_value id="1"><value>000000000000045</value></field_value></entry><entry id="000000000000046"><field_value id="600000101"/><field_value id="700000820"><value>mayo</value></field_value><field_value id="700000850"><value>KS000C29497A1Aa6fURQjJ_GCgXRsA</value></field_value><field_value id="700000014"><value>5</value></field_value><field_value id="700000013"><value>0</value></field_value><field_value id="600001020"/><field_value id="700001046"/><field_value id="600000099"/><field_value id="600000098"/><field_value id="700000800"><value>Spanish Dates-Full</value></field_value><field_value id="600000096"/><field_value id="600000095"/><field_value id="600000094"/><field_value id="600000093"/><field_value id="600000092"/><field_value id="600000091"/><field_value id="179"><value>AG000C29497A1AbuTVRQgvOcDwiiAA</value></field_value><field_value id="600000090"/><field_value id="600000820"/><field_value id="112"/><field_value id="700036000"/><field_value id="8"><value>na</value></field_value><field_value id="700000810"><value>05</value></field_value><field_value id="7"><value>0</value></field_value><field_value id="6"><value>1171674350</value></field_value><field_value id="600000043"/><field_value id="5"><value>Demo</value></field_value><field_value id="4"/><field_value id="600000042"/><field_value id="3"><value>1171674350</value></field_value><field_value id="2"><value>Demo</value></field_value><field_value id="1"><value>000000000000046</value></field_value></entry><entry id="000000000000047"><field_value id="600000101"/><field_value id="700000820"><value>junio</value></field_value><field_value id="700000850"><value>KS000C29497A1Aa6fURQjJ_GCgXRsA</value></field_value><field_value id="700000014"><value>6</value></field_value><field_value id="700000013"><value>0</value></field_value><field_value id="600001020"/><field_value id="700001046"/><field_value id="600000099"/><field_value id="600000098"/><field_value id="700000800"><value>Spanish Dates-Full</value></field_value><field_value id="600000096"/><field_value id="600000095"/><field_value id="600000094"/><field_value id="600000093"/><field_value id="600000092"/><field_value id="600000091"/><field_value id="179"><value>AG000C29497A1AeeTVRQjx2dDwiyAA</value></field_value><field_value id="600000090"/><field_value id="600000820"/><field_value id="112"/><field_value id="700036000"/><field_value id="8"><value>na</value></field_value><field_value id="700000810"><value>06</value></field_value><field_value id="7"><value>0</value></field_value><field_value id="6"><value>1171674361</value></field_value><field_value id="600000043"/><field_value id="5"><value>Demo</value></field_value><field_value id="4"/><field_value id="600000042"/><field_value id="3"><value>1171674361</value></field_value><field_value id="2"><value>Demo</value></field_value><field_value id="1"><value>000000000000047</value></field_value></entry><entry id="000000000000048"><field_value id="600000101"/><field_value id="700000820"><value>julio</value></field_value><field_value id="700000850"><value>KS000C29497A1Aa6fURQjJ_GCgXRsA</value></field_value><field_value id="700000014"><value>7</value></field_value><field_value id="700000013"><value>0</value></field_value><field_value id="600001020"/><field_value id="700001046"/><field_value id="600000099"/><field_value id="600000098"/><field_value id="700000800"><value>Spanish Dates-Full</value></field_value><field_value id="600000096"/><field_value id="600000095"/><field_value id="600000094"/><field_value id="600000093"/><field_value id="600000092"/><field_value id="600000091"/><field_value id="179"><value>AG000C29497A1Ag#TVRQLESdDwjCAA</value></field_value><field_value id="600000090"/><field_value id="600000820"/><field_value id="112"/><field_value id="700036000"/><field_value id="8"><value>na</value></field_value><field_value id="700000810"><value>07</value></field_value><field_value id="7"><value>0</value></field_value><field_value id="6"><value>1171674371</value></field_value><field_value id="600000043"/><field_value id="5"><value>Demo</value></field_value><field_value id="4"/><field_value id="600000042"/><field_value id="3"><value>1171674371</value></field_value><field_value id="2"><value>Demo</value></field_value><field_value id="1"><value>000000000000048</value></field_value></entry><entry id="000000000000049"><field_value id="600000101"/><field_value id="700000820"><value>agosto</value></field_value><field_value id="700000850"><value>KS000C29497A1Aa6fURQjJ_GCgXRsA</value></field_value><field_value id="700000014"><value>8</value></field_value><field_value id="700000013"><value>0</value></field_value><field_value id="600001020"/><field_value id="700001046"/><field_value id="600000099"/><field_value id="600000098"/><field_value id="700000800"><value>Spanish Dates-Full</value></field_value><field_value id="600000096"/><field_value id="600000095"/><field_value id="600000094"/><field_value id="600000093"/><field_value id="600000092"/><field_value id="600000091"/><field_value id="179"><value>AG000C29497A1AjeTVRQY2ydDwjSAA</value></field_value><field_value id="600000090"/><field_value id="600000820"/><field_value id="112"/><field_value id="700036000"/><field_value id="8"><value>na</value></field_value><field_value id="700000810"><value>08</value></field_value><field_value id="7"><value>0</value></field_value><field_value id="6"><value>1171674381</value></field_value><field_value id="600000043"/><field_value id="5"><value>Demo</value></field_value><field_value id="4"/><field_value id="600000042"/><field_value id="3"><value>1171674381</value></field_value><field_value id="2"><value>Demo</value></field_value><field_value id="1"><value>000000000000049</value></field_value></entry><entry id="000000000000050"><field_value id="600000101"/><field_value id="700000820"><value>septiembre</value></field_value><field_value id="700000850"><value>KS000C29497A1Aa6fURQjJ_GCgXRsA</value></field_value><field_value id="700000014"><value>9</value></field_value><field_value id="700000013"><value>0</value></field_value><field_value id="600001020"/><field_value id="700001046"/><field_value id="600000099"/><field_value id="600000098"/><field_value id="700000800"><value>Spanish Dates-Full</value></field_value><field_value id="600000096"/><field_value id="600000095"/><field_value id="600000094"/><field_value id="600000093"/><field_value id="600000092"/><field_value id="600000091"/><field_value id="179"><value>AG000C29497A1AmeTVRQGJudDwjiAA</value></field_value><field_value id="600000090"/><field_value id="600000820"/><field_value id="112"/><field_value id="700036000"/><field_value id="8"><value>na</value></field_value><field_value id="700000810"><value>09</value></field_value><field_value id="7"><value>0</value></field_value><field_value id="6"><value>1171674393</value></field_value><field_value id="600000043"/><field_value id="5"><value>Demo</value></field_value><field_value id="4"/><field_value id="600000042"/><field_value id="3"><value>1171674393</value></field_value><field_value id="2"><value>Demo</value></field_value><field_value id="1"><value>000000000000050</value></field_value></entry><entry id="000000000000051"><field_value id="600000101"/><field_value id="700000820"><value>octubre</value></field_value><field_value id="700000850"><value>KS000C29497A1Aa6fURQjJ_GCgXRsA</value></field_value><field_value id="700000014"><value>10</value></field_value><field_value id="700000013"><value>0</value></field_value><field_value id="600001020"/><field_value id="700001046"/><field_value id="600000099"/><field_value id="600000098"/><field_value id="700000800"><value>Spanish Dates-Full</value></field_value><field_value id="600000096"/><field_value id="600000095"/><field_value id="600000094"/><field_value id="600000093"/><field_value id="600000092"/><field_value id="600000091"/><field_value id="179"><value>AG000C29497A1ApeTVRQ8cidDwjyAA</value></field_value><field_value id="600000090"/><field_value id="600000820"/><field_value id="112"/><field_value id="700036000"/><field_value id="8"><value>na</value></field_value><field_value id="700000810"><value>10</value></field_value><field_value id="7"><value>0</value></field_value><field_value id="6"><value>1171674405</value></field_value><field_value id="600000043"/><field_value id="5"><value>Demo</value></field_value><field_value id="4"/><field_value id="600000042"/><field_value id="3"><value>1171674405</value></field_value><field_value id="2"><value>Demo</value></field_value><field_value id="1"><value>000000000000051</value></field_value></entry><entry id="000000000000052"><field_value id="600000101"/><field_value id="700000820"><value>noviembre</value></field_value><field_value id="700000850"><value>KS000C29497A1Aa6fURQjJ_GCgXRsA</value></field_value><field_value id="700000014"><value>11</value></field_value><field_value id="700000013"><value>0</value></field_value><field_value id="600001020"/><field_value id="700001046"/><field_value id="600000099"/><field_value id="600000098"/><field_value id="700000800"><value>Spanish Dates-Full</value></field_value><field_value id="600000096"/><field_value id="600000095"/><field_value id="600000094"/><field_value id="600000093"/><field_value id="600000092"/><field_value id="600000091"/><field_value id="179"><value>AG000C29497A1Ar#TVRQHvGdDwkCAA</value></field_value><field_value id="600000090"/><field_value id="600000820"/><field_value id="112"/><field_value id="700036000"/><field_value id="8"><value>na</value></field_value><field_value id="700000810"><value>11</value></field_value><field_value id="7"><value>0</value></field_value><field_value id="6"><value>1171674415</value></field_value><field_value id="600000043"/><field_value id="5"><value>Demo</value></field_value><field_value id="4"/><field_value id="600000042"/><field_value id="3"><value>1171674415</value></field_value><field_value id="2"><value>Demo</value></field_value><field_value id="1"><value>000000000000052</value></field_value></entry><entry id="000000000000053"><field_value id="600000101"/><field_value id="700000820"><value>diciembre</value></field_value><field_value id="700000850"><value>KS000C29497A1Aa6fURQjJ_GCgXRsA</value></field_value><field_value id="700000014"><value>12</value></field_value><field_value id="700000013"><value>0</value></field_value><field_value id="600001020"/><field_value id="700001046"/><field_value id="600000099"/><field_value id="600000098"/><field_value id="700000800"><value>Spanish Dates-Full</value></field_value><field_value id="600000096"/><field_value id="600000095"/><field_value id="600000094"/><field_value id="600000093"/><field_value id="600000092"/><field_value id="600000091"/><field_value id="179"><value>AG000C29497A1AueTVRQURieDwkSAA</value></field_value><field_value id="600000090"/><field_value id="600000820"/><field_value id="112"/><field_value id="700036000"/><field_value id="8"><value>na</value></field_value><field_value id="700000810"><value>12</value></field_value><field_value id="7"><value>0</value></field_value><field_value id="6"><value>1171674425</value></field_value><field_value id="600000043"/><field_value id="5"><value>Demo</value></field_value><field_value id="4"/><field_value id="600000042"/><field_value id="3"><value>1171674425</value></field_value><field_value id="2"><value>Demo</value></field_value><field_value id="1"><value>000000000000053</value></field_value></entry></instance></xform></arsystem_xml_report>