<?xml version="1.0" encoding="UTF-8"?>
<arsystem_xml_report><xform id="KS_SRV_ContentsElementHTML" remedy="http://www.w3.org/2000/xforms"><instance><field-info><field><name>SourceFormID</name><id>600000310</id><type>CHAR</type></field><field><name>_Parameters_Left_Temp</name><id>770006505</id><type>CHAR</type></field><field><name>DynamicText</name><id>700001048</id><type>CHAR</type></field><field><name>Clone_SourceInstanceID</name><id>700001046</id><type>CHAR</type></field><field><name>_OrigQuestionInstanceID</name><id>700001045</id><type>CHAR</type></field><field><name>_OrigSurveyInstanceID</name><id>700001044</id><type>CHAR</type></field><field><name>_ActionThree</name><id>700001043</id><type>CHAR</type></field><field><name>Button_Alignment</name><id>700073220</id><type>CHAR</type></field><field><name>Run Custom Logic</name><id>700060522</id><type>ENUM</type></field><field><name>Element_HTML</name><id>700001690</id><type>CHAR</type></field><field><name>Review_Frame</name><id>700060521</id><type>ENUM</type></field><field><name>_CategoryInstanceID</name><id>700001923</id><type>CHAR</type></field><field><name>SourceForm</name><id>600000300</id><type>CHAR</type></field><field><name>Layer_CSS_Style</name><id>70000105</id><type>CHAR</type></field><field><name>_Next</name><id>700001239</id><type>INTEGER</type></field><field><name>QuestionInstanceID</name><id>700000230</id><type>CHAR</type></field><field><name>_Last</name><id>700002239</id><type>INTEGER</type></field><field><name>ElementName_TableDisplay</name><id>700002396</id><type>CHAR</type></field><field><name>instanceId</name><id>179</id><type>CHAR</type></field><field><name>PreviousButtonElementID</name><id>700007886</id><type>CHAR</type></field><field><name>SubmitButtonElementID</name><id>700007885</id><type>CHAR</type></field><field><name>_CurrCSSStyle</name><id>70006004</id><type>CHAR</type></field><field><name>_StyleTag</name><id>70006003</id><type>CHAR</type></field><field><name>_ZeroLengthTemp2</name><id>700073306</id><type>CHAR</type></field><field><name>EditingSessionID</name><id>700002320</id><type>CHAR</type></field><field><name>_StylePartStr</name><id>70006002</id><type>CHAR</type></field><field><name>_ZeroLengthTemp1</name><id>700073305</id><type>CHAR</type></field><field><name>_StylePos</name><id>70006001</id><type>INTEGER</type></field><field><name>_SemiColonPos</name><id>70006000</id><type>INTEGER</type></field><field><name>_tmpCSS_Style_Class2</name><id>700073303</id><type>CHAR</type></field><field><name>_tmpEndLocation</name><id>700073302</id><type>INTEGER</type></field><field><name>_tmpStartLocation</name><id>700073301</id><type>INTEGER</type></field><field><name>_tmpCSS_Style_Class</name><id>700073300</id><type>CHAR</type></field><field><name>OperationID</name><id>490000700</id><type>CHAR</type></field><field><name>Element_ID_New</name><id>700001080</id><type>CHAR</type></field><field><name>Alt_Tag</name><id>700011300</id><type>CHAR</type></field><field><name>SurveyInstanceID</name><id>700000800</id><type>CHAR</type></field><field><name>SessionID</name><id>700065214</id><type>CHAR</type></field><field><name>HelpText</name><id>700011200</id><type>CHAR</type></field><field><name>Display_Style</name><id>700073060</id><type>CHAR</type></field><field><name>SortOrderChangeTo</name><id>700001212</id><type>INTEGER</type></field><field><name>_SortOrder</name><id>700002310</id><type>INTEGER</type></field><field><name>SortOrder</name><id>700001211</id><type>INTEGER</type></field><field><name>_ShiftDown</name><id>700001210</id><type>INTEGER</type></field><field><name>_Encoded_URL</name><id>700009874</id><type>CHAR</type></field><field><name>_ActionTwo</name><id>600000043</id><type>CHAR</type></field><field><name>_ActionOne</name><id>600000042</id><type>CHAR</type></field><field><name>Button_Type</name><id>700002409</id><type>ENUM</type></field><field><name>Clear_Answer</name><id>700002408</id><type>ENUM</type></field><field><name>Enable_Previous_Button</name><id>700002407</id><type>ENUM</type></field><field><name>Previous_Button_Value</name><id>700002309</id><type>CHAR</type></field><field><name>Submit_Button_Value</name><id>700002308</id><type>CHAR</type></field><field><name>_ShiftValue</name><id>700001209</id><type>INTEGER</type></field><field><name>Page_Type</name><id>700002307</id><type>ENUM</type></field><field><name>_SortOrderOffset</name><id>700002400</id><type>INTEGER</type></field><field><name>Image_Value</name><id>700002306</id><type>CHAR</type></field><field><name>_tempInstanceID</name><id>536870915</id><type>CHAR</type></field><field><name>_NextPageSortValue</name><id>700002305</id><type>INTEGER</type></field><field><name>_PageInstanceField_ID</name><id>700002304</id><type>CHAR</type></field><field><name>Element_ID_DEPR</name><id>536870913</id><type>CHAR</type></field><field><name>_EventStatus_Field_ID</name><id>710060521</id><type>CHAR</type></field><field><name>ReadOnly</name><id>700073051</id><type>ENUM</type></field><field><name>PageInstanceId</name><id>700002303</id><type>CHAR</type></field><field><name>Section_Name</name><id>700001204</id><type>CHAR</type></field><field><name>URL_Target</name><id>710060520</id><type>ENUM</type></field><field><name>Display</name><id>700073050</id><type>ENUM</type></field><field><name>_Survey_Context</name><id>700002302</id><type>CHAR</type></field><field><name>Page_Name</name><id>700001203</id><type>CHAR</type></field><field><name>Short Description</name><id>8</id><type>CHAR</type></field><field><name>Display_Page</name><id>700002301</id><type>CHAR</type></field><field><name>Element_Type</name><id>700001202</id><type>ENUM</type></field><field><name>Status</name><id>7</id><type>ENUM</type></field><field><name>Z-Order</name><id>700001201</id><type>DECIMAL</type></field><field><name>Modified Date</name><id>6</id><type>TIME</type></field><field><name>Question_Number</name><id>700001200</id><type>DECIMAL</type></field><field><name>Last Modified By</name><id>5</id><type>CHAR</type></field><field><name>Element_Name</name><id>1002</id><type>CHAR</type></field><field><name>Assigned To</name><id>4</id><type>CHAR</type></field><field><name>Create Date</name><id>3</id><type>TIME</type></field><field><name>Submitter</name><id>2</id><type>CHAR</type></field><field><name>_OpenSection</name><id>70000098</id><type>CHAR</type></field><field><name>Request ID</name><id>1</id><type>CHAR</type></field><field><name>URL_Reference</name><id>700001100</id><type>CHAR</type></field><field><name>_ElementType</name><id>70000095</id><type>CHAR</type></field><field><name>_ElementTypeField_ID</name><id>70000094</id><type>CHAR</type></field><field><name>_Multi-Purpose-Integer1</name><id>600000098</id><type>INTEGER</type></field><field><name>_Multi-Purpose-Integer</name><id>600000097</id><type>INTEGER</type></field><field><name>_ActionFive</name><id>700002002</id><type>CHAR</type></field><field><name>_Multi-Purpose3</name><id>600000092</id><type>CHAR</type></field><field><name>_Multi-Purpose2</name><id>600000091</id><type>CHAR</type></field><field><name>_ActionFour</name><id>700002000</id><type>CHAR</type></field><field><name>_Multi-Purpose</name><id>600000090</id><type>CHAR</type></field><field><name>CSSStyleClass</name><id>700060050</id><type>CHAR</type></field><field><name>_Web_Server_URL</name><id>700001259</id><type>CHAR</type></field><field><name>_AttachmentTypeField_ID</name><id>70000089</id><type>CHAR</type></field><field><name>_AttachmentFormNameField_ID</name><id>70000088</id><type>CHAR</type></field><field><name>_ValueField_ID</name><id>70000087</id><type>CHAR</type></field><field><name>_OrderField_ID</name><id>70000086</id><type>CHAR</type></field><field><name>_CurrentListValue</name><id>70000085</id><type>CHAR</type></field><field><name>_FormID</name><id>70000083</id><type>CHAR</type></field><field><name>_SurveyInstanceID_Field_ID</name><id>70000082</id><type>CHAR</type></field><field><name>_CurrentItem</name><id>70000081</id><type>CHAR</type></field><field><name>_StylesAppliedInstanceID</name><id>700001055</id><type>CHAR</type></field><field><name>_ValuesApplied</name><id>70000080</id><type>CHAR</type></field><field><name>_PageStyles</name><id>700001054</id><type>CHAR</type></field><field><name>Page_Styles</name><id>700001053</id><type>CHAR</type></field><field><name>Image_Source</name><id>700008000</id><type>ENUM</type></field><field><name>Text_Name</name><id>700001051</id><type>CHAR</type></field></field-info><entry id="000000000000109"><field_value id="600000310"/><field_value id="770006505"/><field_value id="700001048"/><field_value id="700001046"/><field_value id="700001045"/><field_value id="700001044"/><field_value id="700001043"/><field_value id="700073220"><value>Vertical</value></field_value><field_value id="700060522"/><field_value id="700001690"><value>&lt;div id='PAGE_KS000C29497A1AhqfURQOQnHCgXhsA' class='templateContent ' label='Initial Page' style='overflow:hidden; position:relative;'&gt;
&lt;div class='questionLayer' id='QLAYER_KS000C29497A1AkqfURQwjjHCgaxsA' label='English Dates-Full' title='' style='position:relative;'&gt; 
&lt;div class='questionLabel' id='QLABEL_KS000C29497A1AkqfURQwjjHCgaxsA' label='English Dates-Full' style='position: relative;'&gt;English Dates-Full 
&lt;/div&gt;
&lt;div class='questionAnswer' id='QANSWER_KS000C29497A1AkqfURQwjjHCgaxsA' label='English Dates-Full' style='position: relative;'&gt;&lt;select id='SRVQSTN_KS000C29497A1AkqfURQwjjHCgaxsA'  class='answerValue answerSelect' name='SRVQSTN_KS000C29497A1AkqfURQwjjHCgaxsA' required='' errorValue=''&gt;  &lt;option value=''&gt;&lt;/option&gt;
  &lt;option value='01'&gt;January&lt;/option&gt;
  &lt;option value='02'&gt;February&lt;/option&gt;
  &lt;option value='03'&gt;March&lt;/option&gt;
  &lt;option value='04'&gt;April&lt;/option&gt;
  &lt;option value='05'&gt;May&lt;/option&gt;
  &lt;option value='06'&gt;June&lt;/option&gt;
  &lt;option value='07'&gt;July&lt;/option&gt;
  &lt;option value='08'&gt;August&lt;/option&gt;
  &lt;option value='09'&gt;September&lt;/option&gt;
  &lt;option value='10'&gt;October&lt;/option&gt;
  &lt;option value='11'&gt;November&lt;/option&gt;
  &lt;option value='12'&gt;December&lt;/option&gt;
&lt;/select&gt;
 
&lt;/div&gt; 
&lt;/div&gt; 
&lt;div class='questionLayer' id='QLAYER_KS000C29497A1AI#TVRQNc#bDwhCAA' label='Spanish Dates-Full' title='' style='position:relative;'&gt; 
&lt;div class='questionLabel' id='QLABEL_KS000C29497A1AI#TVRQNc#bDwhCAA' label='Spanish Dates-Full' style='position: relative;'&gt;Spanish Dates-Full 
&lt;/div&gt;
&lt;div class='questionAnswer' id='QANSWER_KS000C29497A1AI#TVRQNc#bDwhCAA' label='Spanish Dates-Full' style='position: relative;'&gt;&lt;select id='SRVQSTN_KS000C29497A1AI#TVRQNc#bDwhCAA'  class='answerValue answerSelect' name='SRVQSTN_KS000C29497A1AI#TVRQNc#bDwhCAA' required='' errorValue=''&gt;  &lt;option value=''&gt;&lt;/option&gt;
  &lt;option value='01'&gt;enero&lt;/option&gt;
  &lt;option value='02'&gt;febrero&lt;/option&gt;
  &lt;option value='03'&gt;marzo&lt;/option&gt;
  &lt;option value='04'&gt;abril&lt;/option&gt;
  &lt;option value='05'&gt;mayo&lt;/option&gt;
  &lt;option value='06'&gt;junio&lt;/option&gt;
  &lt;option value='07'&gt;julio&lt;/option&gt;
  &lt;option value='08'&gt;agosto&lt;/option&gt;
  &lt;option value='09'&gt;septiembre&lt;/option&gt;
  &lt;option value='10'&gt;octubre&lt;/option&gt;
  &lt;option value='11'&gt;noviembre&lt;/option&gt;
  &lt;option value='12'&gt;diciembre&lt;/option&gt;
&lt;/select&gt;
 
&lt;/div&gt; 
&lt;/div&gt; 
 
&lt;/div&gt;
</value></field_value><field_value id="700060521"/><field_value id="700001923"/><field_value id="600000300"/><field_value id="70000105"><value>overflow:hidden; position:relative;</value></field_value><field_value id="700001239"/><field_value id="700000230"><value>KS000C29497A1AhqfURQOQnHCgXhsA</value></field_value><field_value id="700002239"/><field_value id="700002396"><value>PAGE: Initial Page</value></field_value><field_value id="179"><value>KS000C29497A1AhqfURQOQnHCgXhsA</value></field_value><field_value id="700007886"/><field_value id="700007885"/><field_value id="70006004"/><field_value id="70006003"/><field_value id="700073306"/><field_value id="700002320"/><field_value id="70006002"/><field_value id="700073305"/><field_value id="70006001"/><field_value id="70006000"/><field_value id="700073303"/><field_value id="700073302"/><field_value id="700073301"/><field_value id="700073300"/><field_value id="490000700"/><field_value id="700001080"><value>PAGE_KS000C29497A1AhqfURQOQnHCgXhsA</value></field_value><field_value id="700011300"/><field_value id="700000800"><value>KS000C29497A1Aa6fURQjJ_GCgXRsA</value></field_value><field_value id="700065214"/><field_value id="700011200"/><field_value id="700073060"/><field_value id="700001212"/><field_value id="700002310"/><field_value id="700001211"><value>1</value></field_value><field_value id="700001210"/><field_value id="700009874"/><field_value id="600000043"/><field_value id="600000042"/><field_value id="700002409"/><field_value id="700002408"/><field_value id="700002407"/><field_value id="700002309"/><field_value id="700002308"/><field_value id="700001209"/><field_value id="700002307"><value>1</value></field_value><field_value id="700002400"/><field_value id="700002306"/><field_value id="536870915"/><field_value id="700002305"/><field_value id="700002304"/><field_value id="536870913"/><field_value id="710060521"/><field_value id="700073051"/><field_value id="700002303"><value>KS000C29497A1AhqfURQOQnHCgXhsA</value></field_value><field_value id="700001204"/><field_value id="710060520"/><field_value id="700073050"/><field_value id="700002302"/><field_value id="700001203"><value>Initial Page</value></field_value><field_value id="8"><value>na</value></field_value><field_value id="700002301"/><field_value id="700001202"><value>0</value></field_value><field_value id="7"><value>0</value></field_value><field_value id="700001201"/><field_value id="6"><value>1371080127</value></field_value><field_value id="700001200"/><field_value id="5"><value>Demo</value></field_value><field_value id="1002"><value>Initial Page</value></field_value><field_value id="4"/><field_value id="3"><value>1171593222</value></field_value><field_value id="2"><value>Demo</value></field_value><field_value id="70000098"/><field_value id="1"><value>000000000000109</value></field_value><field_value id="700001100"/><field_value id="70000095"/><field_value id="70000094"/><field_value id="600000098"/><field_value id="600000097"/><field_value id="700002002"/><field_value id="600000092"/><field_value id="600000091"/><field_value id="700002000"/><field_value id="600000090"/><field_value id="700060050"/><field_value id="700001259"/><field_value id="70000089"/><field_value id="70000088"/><field_value id="70000087"/><field_value id="70000086"/><field_value id="70000085"/><field_value id="70000083"/><field_value id="70000082"/><field_value id="70000081"/><field_value id="700001055"/><field_value id="70000080"/><field_value id="700001054"/><field_value id="700001053"><value>&lt;style type="text/css" title="pageStyles"&gt;
.questionLabel{
font-weight:bold;
} 
.questionLayer{
padding:2px; 
} 
.templateContent{
width:100%; 
padding:2px;
margin-top:10px; 
border:1px solid #cccccc; 
} 
body{
width:850px;
background-color:#ffffff; 
font-family:Arial, Helvetica, sans-serif;  
font-size:10pt; 
} 
&lt;/style&gt;

 
&lt;script type="text/javascript"&gt;
function ks_actionsInit(){
 
}
&lt;/script&gt;
</value></field_value><field_value id="700008000"><value>0</value></field_value><field_value id="700001051"/></entry><entry id="000000000000110"><field_value id="600000310"/><field_value id="770006505"/><field_value id="700001048"/><field_value id="700001046"/><field_value id="700001045"/><field_value id="700001044"/><field_value id="700001043"/><field_value id="700073220"><value>Horizontal</value></field_value><field_value id="700060522"/><field_value id="700001690"><value>&lt;div class='questionLayer' id='QLAYER_KS000C29497A1AkqfURQwjjHCgaxsA' label='English Dates-Full' title='' style='position:relative;'&gt; 
&lt;div class='questionLabel' id='QLABEL_KS000C29497A1AkqfURQwjjHCgaxsA' label='English Dates-Full' style='position: relative;'&gt;English Dates-Full 
&lt;/div&gt;
&lt;div class='questionAnswer' id='QANSWER_KS000C29497A1AkqfURQwjjHCgaxsA' label='English Dates-Full' style='position: relative;'&gt;&lt;select id='SRVQSTN_KS000C29497A1AkqfURQwjjHCgaxsA'  class='answerValue answerSelect' name='SRVQSTN_KS000C29497A1AkqfURQwjjHCgaxsA' required='' errorValue=''&gt;  &lt;option value=''&gt;&lt;/option&gt;
  &lt;option value='01'&gt;January&lt;/option&gt;
  &lt;option value='02'&gt;February&lt;/option&gt;
  &lt;option value='03'&gt;March&lt;/option&gt;
  &lt;option value='04'&gt;April&lt;/option&gt;
  &lt;option value='05'&gt;May&lt;/option&gt;
  &lt;option value='06'&gt;June&lt;/option&gt;
  &lt;option value='07'&gt;July&lt;/option&gt;
  &lt;option value='08'&gt;August&lt;/option&gt;
  &lt;option value='09'&gt;September&lt;/option&gt;
  &lt;option value='10'&gt;October&lt;/option&gt;
  &lt;option value='11'&gt;November&lt;/option&gt;
  &lt;option value='12'&gt;December&lt;/option&gt;
&lt;/select&gt;
 
&lt;/div&gt; 
&lt;/div&gt;</value></field_value><field_value id="700060521"/><field_value id="700001923"/><field_value id="600000300"/><field_value id="70000105"/><field_value id="700001239"/><field_value id="700000230"><value>KS000C29497A1AkqfURQwjjHCgaxsA</value></field_value><field_value id="700002239"/><field_value id="700002396"><value>      QUESTION: English Dates-Full</value></field_value><field_value id="179"><value>KS000C29497A1Ak6fURQZzrHCgbBsA</value></field_value><field_value id="700007886"/><field_value id="700007885"/><field_value id="70006004"/><field_value id="70006003"/><field_value id="700073306"/><field_value id="700002320"/><field_value id="70006002"/><field_value id="700073305"/><field_value id="70006001"/><field_value id="70006000"/><field_value id="700073303"/><field_value id="700073302"/><field_value id="700073301"/><field_value id="700073300"/><field_value id="490000700"/><field_value id="700001080"><value>QLAYER_KS000C29497A1AkqfURQwjjHCgaxsA</value></field_value><field_value id="700011300"/><field_value id="700000800"><value>KS000C29497A1Aa6fURQjJ_GCgXRsA</value></field_value><field_value id="700065214"/><field_value id="700011200"/><field_value id="700073060"/><field_value id="700001212"/><field_value id="700002310"/><field_value id="700001211"><value>2</value></field_value><field_value id="700001210"/><field_value id="700009874"/><field_value id="600000043"/><field_value id="600000042"/><field_value id="700002409"/><field_value id="700002408"/><field_value id="700002407"/><field_value id="700002309"/><field_value id="700002308"/><field_value id="700001209"/><field_value id="700002307"/><field_value id="700002400"/><field_value id="700002306"/><field_value id="536870915"/><field_value id="700002305"/><field_value id="700002304"/><field_value id="536870913"/><field_value id="710060521"/><field_value id="700073051"/><field_value id="700002303"><value>KS000C29497A1AhqfURQOQnHCgXhsA</value></field_value><field_value id="700001204"/><field_value id="710060520"/><field_value id="700073050"/><field_value id="700002302"/><field_value id="700001203"/><field_value id="8"><value>na</value></field_value><field_value id="700002301"/><field_value id="700001202"><value>2</value></field_value><field_value id="7"><value>0</value></field_value><field_value id="700001201"/><field_value id="6"><value>1354834338</value></field_value><field_value id="700001200"/><field_value id="5"><value>Demo</value></field_value><field_value id="1002"><value>English Dates-Full</value></field_value><field_value id="4"/><field_value id="3"><value>1171593377</value></field_value><field_value id="2"><value>Demo</value></field_value><field_value id="70000098"/><field_value id="1"><value>000000000000110</value></field_value><field_value id="700001100"/><field_value id="70000095"/><field_value id="70000094"/><field_value id="600000098"/><field_value id="600000097"/><field_value id="700002002"/><field_value id="600000092"/><field_value id="600000091"/><field_value id="700002000"/><field_value id="600000090"/><field_value id="700060050"/><field_value id="700001259"/><field_value id="70000089"/><field_value id="70000088"/><field_value id="70000087"/><field_value id="70000086"/><field_value id="70000085"/><field_value id="70000083"/><field_value id="70000082"/><field_value id="70000081"/><field_value id="700001055"/><field_value id="70000080"/><field_value id="700001054"/><field_value id="700001053"/><field_value id="700008000"><value>0</value></field_value><field_value id="700001051"/></entry><entry id="000000000000111"><field_value id="600000310"/><field_value id="770006505"/><field_value id="700001048"/><field_value id="700001046"/><field_value id="700001045"/><field_value id="700001044"/><field_value id="700001043"/><field_value id="700073220"><value>Horizontal</value></field_value><field_value id="700060522"/><field_value id="700001690"><value>&lt;div class='questionLayer' id='QLAYER_KS000C29497A1AI#TVRQNc#bDwhCAA' label='Spanish Dates-Full' title='' style='position:relative;'&gt; 
&lt;div class='questionLabel' id='QLABEL_KS000C29497A1AI#TVRQNc#bDwhCAA' label='Spanish Dates-Full' style='position: relative;'&gt;Spanish Dates-Full 
&lt;/div&gt;
&lt;div class='questionAnswer' id='QANSWER_KS000C29497A1AI#TVRQNc#bDwhCAA' label='Spanish Dates-Full' style='position: relative;'&gt;&lt;select id='SRVQSTN_KS000C29497A1AI#TVRQNc#bDwhCAA'  class='answerValue answerSelect' name='SRVQSTN_KS000C29497A1AI#TVRQNc#bDwhCAA' required='' errorValue=''&gt;  &lt;option value=''&gt;&lt;/option&gt;
  &lt;option value='01'&gt;enero&lt;/option&gt;
  &lt;option value='02'&gt;febrero&lt;/option&gt;
  &lt;option value='03'&gt;marzo&lt;/option&gt;
  &lt;option value='04'&gt;abril&lt;/option&gt;
  &lt;option value='05'&gt;mayo&lt;/option&gt;
  &lt;option value='06'&gt;junio&lt;/option&gt;
  &lt;option value='07'&gt;julio&lt;/option&gt;
  &lt;option value='08'&gt;agosto&lt;/option&gt;
  &lt;option value='09'&gt;septiembre&lt;/option&gt;
  &lt;option value='10'&gt;octubre&lt;/option&gt;
  &lt;option value='11'&gt;noviembre&lt;/option&gt;
  &lt;option value='12'&gt;diciembre&lt;/option&gt;
&lt;/select&gt;
 
&lt;/div&gt; 
&lt;/div&gt;</value></field_value><field_value id="700060521"/><field_value id="700001923"/><field_value id="600000300"/><field_value id="70000105"/><field_value id="700001239"/><field_value id="700000230"><value>KS000C29497A1AI#TVRQNc#bDwhCAA</value></field_value><field_value id="700002239"/><field_value id="700002396"><value>      QUESTION: Spanish Dates-Full</value></field_value><field_value id="179"><value>KS000C29497A1AJOTVRQ38#bDwhSAA</value></field_value><field_value id="700007886"/><field_value id="700007885"/><field_value id="70006004"/><field_value id="70006003"/><field_value id="700073306"/><field_value id="700002320"/><field_value id="70006002"/><field_value id="700073305"/><field_value id="70006001"/><field_value id="70006000"/><field_value id="700073303"/><field_value id="700073302"/><field_value id="700073301"/><field_value id="700073300"/><field_value id="490000700"/><field_value id="700001080"><value>QLAYER_KS000C29497A1AI#TVRQNc#bDwhCAA</value></field_value><field_value id="700011300"/><field_value id="700000800"><value>KS000C29497A1Aa6fURQjJ_GCgXRsA</value></field_value><field_value id="700065214"/><field_value id="700011200"/><field_value id="700073060"/><field_value id="700001212"/><field_value id="700002310"/><field_value id="700001211"><value>3</value></field_value><field_value id="700001210"/><field_value id="700009874"/><field_value id="600000043"/><field_value id="600000042"/><field_value id="700002409"/><field_value id="700002408"/><field_value id="700002407"/><field_value id="700002309"/><field_value id="700002308"/><field_value id="700001209"/><field_value id="700002307"/><field_value id="700002400"/><field_value id="700002306"/><field_value id="536870915"/><field_value id="700002305"/><field_value id="700002304"/><field_value id="536870913"/><field_value id="710060521"/><field_value id="700073051"/><field_value id="700002303"><value>KS000C29497A1AhqfURQOQnHCgXhsA</value></field_value><field_value id="700001204"/><field_value id="710060520"/><field_value id="700073050"/><field_value id="700002302"/><field_value id="700001203"/><field_value id="8"><value>na</value></field_value><field_value id="700002301"/><field_value id="700001202"><value>2</value></field_value><field_value id="7"><value>0</value></field_value><field_value id="700001201"/><field_value id="6"><value>1354834338</value></field_value><field_value id="700001200"/><field_value id="5"><value>Demo</value></field_value><field_value id="1002"><value>Spanish Dates-Full</value></field_value><field_value id="4"/><field_value id="3"><value>1171674428</value></field_value><field_value id="2"><value>Demo</value></field_value><field_value id="70000098"/><field_value id="1"><value>000000000000111</value></field_value><field_value id="700001100"/><field_value id="70000095"/><field_value id="70000094"/><field_value id="600000098"/><field_value id="600000097"/><field_value id="700002002"/><field_value id="600000092"/><field_value id="600000091"/><field_value id="700002000"/><field_value id="600000090"/><field_value id="700060050"/><field_value id="700001259"/><field_value id="70000089"/><field_value id="70000088"/><field_value id="70000087"/><field_value id="70000086"/><field_value id="70000085"/><field_value id="70000083"/><field_value id="70000082"/><field_value id="70000081"/><field_value id="700001055"/><field_value id="70000080"/><field_value id="700001054"/><field_value id="700001053"/><field_value id="700008000"><value>0</value></field_value><field_value id="700001051"/></entry></instance></xform></arsystem_xml_report>