<?xml version="1.0" encoding="UTF-8"?>
<arsystem_xml_report><xform id="KS_SRV_StyleApplied" remedy="http://www.w3.org/2000/xforms"><instance><field-info><field><name>_Encoded_URL</name><id>700009874</id><type>CHAR</type></field><field><name>StyleSelector</name><id>700070500</id><type>CHAR</type></field><field><name>_TempElementID</name><id>700062542</id><type>CHAR</type></field><field><name>Properties</name><id>700070530</id><type>CHAR</type></field><field><name>_TempSourceElementID</name><id>700062541</id><type>CHAR</type></field><field><name>SurveyInstanceID</name><id>700000850</id><type>CHAR</type></field><field><name>_Use_Edit</name><id>700050200</id><type>ENUM</type></field><field><name>_SourceElementId</name><id>700065841</id><type>CHAR</type></field><field><name>_ActionFive</name><id>700002001</id><type>CHAR</type></field><field><name>_ActionFour</name><id>700002000</id><type>CHAR</type></field><field><name>Clone_SourceInstanceID</name><id>700001046</id><type>CHAR</type></field><field><name>StyleType</name><id>700070510</id><type>CHAR</type></field><field><name>_Multi-Purpose-Integer</name><id>600000097</id><type>INTEGER</type></field><field><name>Element_Id</name><id>700070540</id><type>CHAR</type></field><field><name>_ActionThree</name><id>700001043</id><type>CHAR</type></field><field><name>OperationID</name><id>490000700</id><type>CHAR</type></field><field><name>instanceId</name><id>179</id><type>CHAR</type></field><field><name>_Multi-Purpose</name><id>600000090</id><type>CHAR</type></field><field><name>_Style_Properties</name><id>700006500</id><type>CHAR</type></field><field><name>AssigneeGroup</name><id>112</id><type>CHAR</type></field><field><name>Application</name><id>700036000</id><type>CHAR</type></field><field><name>Short Description</name><id>8</id><type>CHAR</type></field><field><name>Status</name><id>7</id><type>ENUM</type></field><field><name>Modified Date</name><id>6</id><type>TIME</type></field><field><name>_ActionTwo</name><id>600000043</id><type>CHAR</type></field><field><name>Last Modified By</name><id>5</id><type>CHAR</type></field><field><name>Assigned To</name><id>4</id><type>CHAR</type></field><field><name>_ActionOne</name><id>600000042</id><type>CHAR</type></field><field><name>Create Date</name><id>3</id><type>TIME</type></field><field><name>Submitter</name><id>2</id><type>CHAR</type></field><field><name>PageInstanceId</name><id>700002303</id><type>CHAR</type></field><field><name>Request ID</name><id>1</id><type>CHAR</type></field></field-info><entry id="000000000000019"><field_value id="700009874"/><field_value id="700070500"><value>.questionLabel</value></field_value><field_value id="700062542"/><field_value id="700070530"><value>.questionLabel{
font-weight:bold;
}</value></field_value><field_value id="700062541"/><field_value id="700000850"><value>KS000C29497A1ALOLURQNSGsCwRB4A</value></field_value><field_value id="700050200"><value>0</value></field_value><field_value id="700065841"/><field_value id="700002001"/><field_value id="700002000"/><field_value id="700001046"><value>AG000C29497A1A7XXRYRQIw9oyg2V4A</value></field_value><field_value id="700070510"><value>CSS Class</value></field_value><field_value id="600000097"/><field_value id="700070540"/><field_value id="700001043"/><field_value id="490000700"/><field_value id="179"><value>KS000C29497A1AauLURQ8BOtCwSh4A</value></field_value><field_value id="600000090"/><field_value id="700006500"/><field_value id="112"><value>0;</value></field_value><field_value id="700036000"><value>Kinetic Survey</value></field_value><field_value id="8"><value>na</value></field_value><field_value id="7"><value>0</value></field_value><field_value id="6"><value>1171608298</value></field_value><field_value id="600000043"/><field_value id="5"><value>Demo</value></field_value><field_value id="4"/><field_value id="600000042"/><field_value id="3"><value>1171608298</value></field_value><field_value id="2"><value>Demo</value></field_value><field_value id="700002303"/><field_value id="1"><value>000000000000019</value></field_value></entry><entry id="000000000000020"><field_value id="700009874"/><field_value id="700070500"><value>.questionLayer</value></field_value><field_value id="700062542"/><field_value id="700070530"><value>.questionLayer{
padding:2px; 
}</value></field_value><field_value id="700062541"/><field_value id="700000850"><value>KS000C29497A1ALOLURQNSGsCwRB4A</value></field_value><field_value id="700050200"><value>0</value></field_value><field_value id="700065841"/><field_value id="700002001"/><field_value id="700002000"/><field_value id="700001046"><value>AG000C29497A1ADXXVYRQT49oyg2l4A</value></field_value><field_value id="700070510"><value>CSS Class</value></field_value><field_value id="600000097"/><field_value id="700070540"/><field_value id="700001043"/><field_value id="490000700"/><field_value id="179"><value>KS000C29497A1AauLURQGBStCwSx4A</value></field_value><field_value id="600000090"/><field_value id="700006500"/><field_value id="112"><value>0;</value></field_value><field_value id="700036000"><value>Kinetic Survey</value></field_value><field_value id="8"><value>na</value></field_value><field_value id="7"><value>0</value></field_value><field_value id="6"><value>1287022039</value></field_value><field_value id="600000043"/><field_value id="5"><value>Demo</value></field_value><field_value id="4"/><field_value id="600000042"/><field_value id="3"><value>1171608298</value></field_value><field_value id="2"><value>Demo</value></field_value><field_value id="700002303"/><field_value id="1"><value>000000000000020</value></field_value></entry><entry id="000000000000021"><field_value id="700009874"/><field_value id="700070500"><value>.templateContent</value></field_value><field_value id="700062542"/><field_value id="700070530"><value>.templateContent{
width:100%;
padding:2px;
margin-top:10px;
border:1px solid #cccccc; 
}</value></field_value><field_value id="700062541"/><field_value id="700000850"><value>KS000C29497A1ALOLURQNSGsCwRB4A</value></field_value><field_value id="700050200"><value>0</value></field_value><field_value id="700065841"/><field_value id="700002001"/><field_value id="700002000"/><field_value id="700001046"><value>AG000C29497A1A6OVYRQLd1ryg314A</value></field_value><field_value id="700070510"><value>CSS Class</value></field_value><field_value id="600000097"/><field_value id="700070540"/><field_value id="700001043"/><field_value id="490000700"/><field_value id="179"><value>KS000C29497A1Aa#LURQ4BStCwTx4A</value></field_value><field_value id="600000090"/><field_value id="700006500"/><field_value id="112"><value>0;</value></field_value><field_value id="700036000"><value>Kinetic Survey</value></field_value><field_value id="8"><value>na</value></field_value><field_value id="7"><value>0</value></field_value><field_value id="6"><value>1287021987</value></field_value><field_value id="600000043"/><field_value id="5"><value>Demo</value></field_value><field_value id="4"/><field_value id="600000042"/><field_value id="3"><value>1171608299</value></field_value><field_value id="2"><value>Demo</value></field_value><field_value id="700002303"/><field_value id="1"><value>000000000000021</value></field_value></entry><entry id="000000000000022"><field_value id="700009874"/><field_value id="700070500"><value>body</value></field_value><field_value id="700062542"/><field_value id="700070530"><value>body{
width:850px;
background-color:#ffffff; 
font-family:Arial, Helvetica, sans-serif;
font-size:10pt; 
}</value></field_value><field_value id="700062541"/><field_value id="700000850"><value>KS000C29497A1ALOLURQNSGsCwRB4A</value></field_value><field_value id="700050200"/><field_value id="700065841"/><field_value id="700002001"/><field_value id="700002000"/><field_value id="700001046"><value>KS000C29497A1AXVRbRQIlXr0wSmEA</value></field_value><field_value id="700070510"><value>HTML Tag</value></field_value><field_value id="600000097"/><field_value id="700070540"/><field_value id="700001043"/><field_value id="490000700"/><field_value id="179"><value>KS000C29497A1Aa#LURQHBWtCwUB4A</value></field_value><field_value id="600000090"/><field_value id="700006500"/><field_value id="112"><value>0;</value></field_value><field_value id="700036000"><value>Kinetic Survey</value></field_value><field_value id="8"><value>na</value></field_value><field_value id="7"><value>0</value></field_value><field_value id="6"><value>1287022026</value></field_value><field_value id="600000043"/><field_value id="5"><value>Demo</value></field_value><field_value id="4"/><field_value id="600000042"/><field_value id="3"><value>1171608299</value></field_value><field_value id="2"><value>Demo</value></field_value><field_value id="700002303"/><field_value id="1"><value>000000000000022</value></field_value></entry></instance></xform></arsystem_xml_report>