<?xml version="1.0" encoding="UTF-8"?>
<arsystem_xml_report><xform id="KS_SRV_SurveyQuestionChoice" remedy="http://www.w3.org/2000/xforms"><instance><field-info><field><name>_Multi-Purpose12</name><id>600000101</id><type>CHAR</type></field><field><name>Label</name><id>700000820</id><type>CHAR</type></field><field><name>SurveyInstanceID</name><id>700000850</id><type>CHAR</type></field><field><name>Order</name><id>700000014</id><type>INTEGER</type></field><field><name>Score</name><id>700000013</id><type>INTEGER</type></field><field><name>_AuditContext</name><id>600001020</id><type>CHAR</type></field><field><name>Clone_SourceInstanceID</name><id>700001046</id><type>CHAR</type></field><field><name>_Multi-Purpose10</name><id>600000099</id><type>CHAR</type></field><field><name>_Multi-Purpose9</name><id>600000098</id><type>CHAR</type></field><field><name>Choice_Type</name><id>700000800</id><type>CHAR</type></field><field><name>_Multi-Purpose7</name><id>600000096</id><type>CHAR</type></field><field><name>_Multi-Purpose6</name><id>600000095</id><type>CHAR</type></field><field><name>_Multi-Purpose5</name><id>600000094</id><type>CHAR</type></field><field><name>_Multi-Purpose4</name><id>600000093</id><type>CHAR</type></field><field><name>_Multi-Purpose3</name><id>600000092</id><type>CHAR</type></field><field><name>_Multi-Purpose2</name><id>600000091</id><type>CHAR</type></field><field><name>instanceId</name><id>179</id><type>CHAR</type></field><field><name>_Multi-Purpose</name><id>600000090</id><type>CHAR</type></field><field><name>GenericChoice</name><id>600000820</id><type>ENUM</type></field><field><name>AssigneeGroup</name><id>112</id><type>CHAR</type></field><field><name>Application</name><id>700036000</id><type>CHAR</type></field><field><name>Short Description</name><id>8</id><type>CHAR</type></field><field><name>Value</name><id>700000810</id><type>CHAR</type></field><field><name>Status</name><id>7</id><type>ENUM</type></field><field><name>Modified Date</name><id>6</id><type>TIME</type></field><field><name>_ActionTwo</name><id>600000043</id><type>CHAR</type></field><field><name>Last Modified By</name><id>5</id><type>CHAR</type></field><field><name>Assigned To</name><id>4</id><type>CHAR</type></field><field><name>_ActionOne</name><id>600000042</id><type>CHAR</type></field><field><name>Create Date</name><id>3</id><type>TIME</type></field><field><name>Submitter</name><id>2</id><type>CHAR</type></field><field><name>Request ID</name><id>1</id><type>CHAR</type></field></field-info><entry id="000000000000001"><field_value id="600000101"/><field_value id="700000820"><value>January</value></field_value><field_value id="700000850"><value>KS000C29497A1ALOLURQNSGsCwRB4A</value></field_value><field_value id="700000014"><value>1</value></field_value><field_value id="700000013"><value>0</value></field_value><field_value id="600001020"/><field_value id="700001046"/><field_value id="600000099"/><field_value id="600000098"/><field_value id="700000800"><value>English Dates-Full</value></field_value><field_value id="600000096"/><field_value id="600000095"/><field_value id="600000094"/><field_value id="600000093"/><field_value id="600000092"/><field_value id="600000091"/><field_value id="179"><value>AG000C29497A1AruLURQMByuCwVh4A</value></field_value><field_value id="600000090"/><field_value id="600000820"/><field_value id="112"/><field_value id="700036000"/><field_value id="8"><value>na</value></field_value><field_value id="700000810"><value>01</value></field_value><field_value id="7"><value>0</value></field_value><field_value id="6"><value>1171631280</value></field_value><field_value id="600000043"/><field_value id="5"><value>Demo</value></field_value><field_value id="4"/><field_value id="600000042"/><field_value id="3"><value>1171608366</value></field_value><field_value id="2"><value>Demo</value></field_value><field_value id="1"><value>000000000000001</value></field_value></entry><entry id="000000000000002"><field_value id="600000101"/><field_value id="700000820"><value>February</value></field_value><field_value id="700000850"><value>KS000C29497A1ALOLURQNSGsCwRB4A</value></field_value><field_value id="700000014"><value>2</value></field_value><field_value id="700000013"><value>0</value></field_value><field_value id="600001020"/><field_value id="700001046"/><field_value id="600000099"/><field_value id="600000098"/><field_value id="700000800"><value>English Dates-Full</value></field_value><field_value id="600000096"/><field_value id="600000095"/><field_value id="600000094"/><field_value id="600000093"/><field_value id="600000092"/><field_value id="600000091"/><field_value id="179"><value>AG000C29497A1AvOLURQ9lKuCwVx4A</value></field_value><field_value id="600000090"/><field_value id="600000820"/><field_value id="112"/><field_value id="700036000"/><field_value id="8"><value>na</value></field_value><field_value id="700000810"><value>02</value></field_value><field_value id="7"><value>0</value></field_value><field_value id="6"><value>1171631286</value></field_value><field_value id="600000043"/><field_value id="5"><value>Demo</value></field_value><field_value id="4"/><field_value id="600000042"/><field_value id="3"><value>1171608380</value></field_value><field_value id="2"><value>Demo</value></field_value><field_value id="1"><value>000000000000002</value></field_value></entry><entry id="000000000000003"><field_value id="600000101"/><field_value id="700000820"><value>March</value></field_value><field_value id="700000850"><value>KS000C29497A1ALOLURQNSGsCwRB4A</value></field_value><field_value id="700000014"><value>3</value></field_value><field_value id="700000013"><value>0</value></field_value><field_value id="600001020"/><field_value id="700001046"/><field_value id="600000099"/><field_value id="600000098"/><field_value id="700000800"><value>English Dates-Full</value></field_value><field_value id="600000096"/><field_value id="600000095"/><field_value id="600000094"/><field_value id="600000093"/><field_value id="600000092"/><field_value id="600000091"/><field_value id="179"><value>AG000C29497A1Ax#LURQS3#uCwWB4A</value></field_value><field_value id="600000090"/><field_value id="600000820"/><field_value id="112"/><field_value id="700036000"/><field_value id="8"><value>na</value></field_value><field_value id="700000810"><value>03</value></field_value><field_value id="7"><value>0</value></field_value><field_value id="6"><value>1171631293</value></field_value><field_value id="600000043"/><field_value id="5"><value>Demo</value></field_value><field_value id="4"/><field_value id="600000042"/><field_value id="3"><value>1171608391</value></field_value><field_value id="2"><value>Demo</value></field_value><field_value id="1"><value>000000000000003</value></field_value></entry><entry id="000000000000004"><field_value id="600000101"/><field_value id="700000820"><value>April</value></field_value><field_value id="700000850"><value>KS000C29497A1ALOLURQNSGsCwRB4A</value></field_value><field_value id="700000014"><value>4</value></field_value><field_value id="700000013"><value>0</value></field_value><field_value id="600001020"/><field_value id="700001046"/><field_value id="600000099"/><field_value id="600000098"/><field_value id="700000800"><value>English Dates-Full</value></field_value><field_value id="600000096"/><field_value id="600000095"/><field_value id="600000094"/><field_value id="600000093"/><field_value id="600000092"/><field_value id="600000091"/><field_value id="179"><value>AG000C29497A1A0uLURQq6euCwWR4A</value></field_value><field_value id="600000090"/><field_value id="600000820"/><field_value id="112"/><field_value id="700036000"/><field_value id="8"><value>na</value></field_value><field_value id="700000810"><value>04</value></field_value><field_value id="7"><value>0</value></field_value><field_value id="6"><value>1171631300</value></field_value><field_value id="600000043"/><field_value id="5"><value>Demo</value></field_value><field_value id="4"/><field_value id="600000042"/><field_value id="3"><value>1171608402</value></field_value><field_value id="2"><value>Demo</value></field_value><field_value id="1"><value>000000000000004</value></field_value></entry><entry id="000000000000005"><field_value id="600000101"/><field_value id="700000820"><value>May</value></field_value><field_value id="700000850"><value>KS000C29497A1ALOLURQNSGsCwRB4A</value></field_value><field_value id="700000014"><value>5</value></field_value><field_value id="700000013"><value>0</value></field_value><field_value id="600001020"/><field_value id="700001046"/><field_value id="600000099"/><field_value id="600000098"/><field_value id="700000800"><value>English Dates-Full</value></field_value><field_value id="600000096"/><field_value id="600000095"/><field_value id="600000094"/><field_value id="600000093"/><field_value id="600000092"/><field_value id="600000091"/><field_value id="179"><value>AG000C29497A1A2eLURQJsauCwWh4A</value></field_value><field_value id="600000090"/><field_value id="600000820"/><field_value id="112"/><field_value id="700036000"/><field_value id="8"><value>na</value></field_value><field_value id="700000810"><value>05</value></field_value><field_value id="7"><value>0</value></field_value><field_value id="6"><value>1171631304</value></field_value><field_value id="600000043"/><field_value id="5"><value>Demo</value></field_value><field_value id="4"/><field_value id="600000042"/><field_value id="3"><value>1171608410</value></field_value><field_value id="2"><value>Demo</value></field_value><field_value id="1"><value>000000000000005</value></field_value></entry><entry id="000000000000006"><field_value id="600000101"/><field_value id="700000820"><value>June</value></field_value><field_value id="700000850"><value>KS000C29497A1ALOLURQNSGsCwRB4A</value></field_value><field_value id="700000014"><value>6</value></field_value><field_value id="700000013"><value>0</value></field_value><field_value id="600001020"/><field_value id="700001046"/><field_value id="600000099"/><field_value id="600000098"/><field_value id="700000800"><value>English Dates-Full</value></field_value><field_value id="600000096"/><field_value id="600000095"/><field_value id="600000094"/><field_value id="600000093"/><field_value id="600000092"/><field_value id="600000091"/><field_value id="179"><value>AG000C29497A1A4OLURQJt#uCwWx4A</value></field_value><field_value id="600000090"/><field_value id="600000820"/><field_value id="112"/><field_value id="700036000"/><field_value id="8"><value>na</value></field_value><field_value id="700000810"><value>06</value></field_value><field_value id="7"><value>0</value></field_value><field_value id="6"><value>1171631309</value></field_value><field_value id="600000043"/><field_value id="5"><value>Demo</value></field_value><field_value id="4"/><field_value id="600000042"/><field_value id="3"><value>1171608416</value></field_value><field_value id="2"><value>Demo</value></field_value><field_value id="1"><value>000000000000006</value></field_value></entry><entry id="000000000000007"><field_value id="600000101"/><field_value id="700000820"><value>July</value></field_value><field_value id="700000850"><value>KS000C29497A1ALOLURQNSGsCwRB4A</value></field_value><field_value id="700000014"><value>7</value></field_value><field_value id="700000013"><value>0</value></field_value><field_value id="600001020"/><field_value id="700001046"/><field_value id="600000099"/><field_value id="600000098"/><field_value id="700000800"><value>English Dates-Full</value></field_value><field_value id="600000096"/><field_value id="600000095"/><field_value id="600000094"/><field_value id="600000093"/><field_value id="600000092"/><field_value id="600000091"/><field_value id="179"><value>AG000C29497A1A6eLURQwAKvCwXB4A</value></field_value><field_value id="600000090"/><field_value id="600000820"/><field_value id="112"/><field_value id="700036000"/><field_value id="8"><value>na</value></field_value><field_value id="700000810"><value>07</value></field_value><field_value id="7"><value>0</value></field_value><field_value id="6"><value>1171631314</value></field_value><field_value id="600000043"/><field_value id="5"><value>Demo</value></field_value><field_value id="4"/><field_value id="600000042"/><field_value id="3"><value>1171608425</value></field_value><field_value id="2"><value>Demo</value></field_value><field_value id="1"><value>000000000000007</value></field_value></entry><entry id="000000000000008"><field_value id="600000101"/><field_value id="700000820"><value>August</value></field_value><field_value id="700000850"><value>KS000C29497A1ALOLURQNSGsCwRB4A</value></field_value><field_value id="700000014"><value>8</value></field_value><field_value id="700000013"><value>0</value></field_value><field_value id="600001020"/><field_value id="700001046"/><field_value id="600000099"/><field_value id="600000098"/><field_value id="700000800"><value>English Dates-Full</value></field_value><field_value id="600000096"/><field_value id="600000095"/><field_value id="600000094"/><field_value id="600000093"/><field_value id="600000092"/><field_value id="600000091"/><field_value id="179"><value>AG000C29497A1A8OLURQlx2vCwXR4A</value></field_value><field_value id="600000090"/><field_value id="600000820"/><field_value id="112"/><field_value id="700036000"/><field_value id="8"><value>na</value></field_value><field_value id="700000810"><value>08</value></field_value><field_value id="7"><value>0</value></field_value><field_value id="6"><value>1171631318</value></field_value><field_value id="600000043"/><field_value id="5"><value>Demo</value></field_value><field_value id="4"/><field_value id="600000042"/><field_value id="3"><value>1171608432</value></field_value><field_value id="2"><value>Demo</value></field_value><field_value id="1"><value>000000000000008</value></field_value></entry><entry id="000000000000009"><field_value id="600000101"/><field_value id="700000820"><value>September</value></field_value><field_value id="700000850"><value>KS000C29497A1ALOLURQNSGsCwRB4A</value></field_value><field_value id="700000014"><value>9</value></field_value><field_value id="700000013"><value>0</value></field_value><field_value id="600001020"/><field_value id="700001046"/><field_value id="600000099"/><field_value id="600000098"/><field_value id="700000800"><value>English Dates-Full</value></field_value><field_value id="600000096"/><field_value id="600000095"/><field_value id="600000094"/><field_value id="600000093"/><field_value id="600000092"/><field_value id="600000091"/><field_value id="179"><value>AG000C29497A1A##LURQLkevCwXh4A</value></field_value><field_value id="600000090"/><field_value id="600000820"/><field_value id="112"/><field_value id="700036000"/><field_value id="8"><value>na</value></field_value><field_value id="700000810"><value>09</value></field_value><field_value id="7"><value>0</value></field_value><field_value id="6"><value>1171631323</value></field_value><field_value id="600000043"/><field_value id="5"><value>Demo</value></field_value><field_value id="4"/><field_value id="600000042"/><field_value id="3"><value>1171608443</value></field_value><field_value id="2"><value>Demo</value></field_value><field_value id="1"><value>000000000000009</value></field_value></entry><entry id="000000000000010"><field_value id="600000101"/><field_value id="700000820"><value>October</value></field_value><field_value id="700000850"><value>KS000C29497A1ALOLURQNSGsCwRB4A</value></field_value><field_value id="700000014"><value>10</value></field_value><field_value id="700000013"><value>0</value></field_value><field_value id="600001020"/><field_value id="700001046"/><field_value id="600000099"/><field_value id="600000098"/><field_value id="700000800"><value>English Dates-Full</value></field_value><field_value id="600000096"/><field_value id="600000095"/><field_value id="600000094"/><field_value id="600000093"/><field_value id="600000092"/><field_value id="600000091"/><field_value id="179"><value>AG000C29497A1ABOPURQuG2vCwXx4A</value></field_value><field_value id="600000090"/><field_value id="600000820"/><field_value id="112"/><field_value id="700036000"/><field_value id="8"><value>na</value></field_value><field_value id="700000810"><value>10</value></field_value><field_value id="7"><value>0</value></field_value><field_value id="6"><value>1171608452</value></field_value><field_value id="600000043"/><field_value id="5"><value>Demo</value></field_value><field_value id="4"/><field_value id="600000042"/><field_value id="3"><value>1171608452</value></field_value><field_value id="2"><value>Demo</value></field_value><field_value id="1"><value>000000000000010</value></field_value></entry><entry id="000000000000011"><field_value id="600000101"/><field_value id="700000820"><value>November</value></field_value><field_value id="700000850"><value>KS000C29497A1ALOLURQNSGsCwRB4A</value></field_value><field_value id="700000014"><value>11</value></field_value><field_value id="700000013"><value>0</value></field_value><field_value id="600001020"/><field_value id="700001046"/><field_value id="600000099"/><field_value id="600000098"/><field_value id="700000800"><value>English Dates-Full</value></field_value><field_value id="600000096"/><field_value id="600000095"/><field_value id="600000094"/><field_value id="600000093"/><field_value id="600000092"/><field_value id="600000091"/><field_value id="179"><value>AG000C29497A1ADOPURQzouvCwYB4A</value></field_value><field_value id="600000090"/><field_value id="600000820"/><field_value id="112"/><field_value id="700036000"/><field_value id="8"><value>na</value></field_value><field_value id="700000810"><value>11</value></field_value><field_value id="7"><value>0</value></field_value><field_value id="6"><value>1171608460</value></field_value><field_value id="600000043"/><field_value id="5"><value>Demo</value></field_value><field_value id="4"/><field_value id="600000042"/><field_value id="3"><value>1171608460</value></field_value><field_value id="2"><value>Demo</value></field_value><field_value id="1"><value>000000000000011</value></field_value></entry><entry id="000000000000012"><field_value id="600000101"/><field_value id="700000820"><value>December</value></field_value><field_value id="700000850"><value>KS000C29497A1ALOLURQNSGsCwRB4A</value></field_value><field_value id="700000014"><value>12</value></field_value><field_value id="700000013"><value>0</value></field_value><field_value id="600001020"/><field_value id="700001046"/><field_value id="600000099"/><field_value id="600000098"/><field_value id="700000800"><value>English Dates-Full</value></field_value><field_value id="600000096"/><field_value id="600000095"/><field_value id="600000094"/><field_value id="600000093"/><field_value id="600000092"/><field_value id="600000091"/><field_value id="179"><value>AG000C29497A1AtUHVRQX08hDQeB8A</value></field_value><field_value id="600000090"/><field_value id="600000820"/><field_value id="112"/><field_value id="700036000"/><field_value id="8"><value>na</value></field_value><field_value id="700000810"><value>12</value></field_value><field_value id="7"><value>0</value></field_value><field_value id="6"><value>1171632693</value></field_value><field_value id="600000043"/><field_value id="5"><value>Demo</value></field_value><field_value id="4"/><field_value id="600000042"/><field_value id="3"><value>1171632693</value></field_value><field_value id="2"><value>Demo</value></field_value><field_value id="1"><value>000000000000012</value></field_value></entry><entry id="000000000000013"><field_value id="600000101"/><field_value id="700000820"><value>enero</value></field_value><field_value id="700000850"><value>KS000C29497A1ALOLURQNSGsCwRB4A</value></field_value><field_value id="700000014"><value>1</value></field_value><field_value id="700000013"><value>0</value></field_value><field_value id="600001020"/><field_value id="700001046"/><field_value id="600000099"/><field_value id="600000098"/><field_value id="700000800"><value>Spanish Dates-Full</value></field_value><field_value id="600000096"/><field_value id="600000095"/><field_value id="600000094"/><field_value id="600000093"/><field_value id="600000092"/><field_value id="600000091"/><field_value id="179"><value>AG000C29497A1A8#LVRQJSuXDwcCAA</value></field_value><field_value id="600000090"/><field_value id="600000820"/><field_value id="112"/><field_value id="700036000"/><field_value id="8"><value>na</value></field_value><field_value id="700000810"><value>01</value></field_value><field_value id="7"><value>0</value></field_value><field_value id="6"><value>1171673971</value></field_value><field_value id="600000043"/><field_value id="5"><value>Demo</value></field_value><field_value id="4"/><field_value id="600000042"/><field_value id="3"><value>1171673971</value></field_value><field_value id="2"><value>Demo</value></field_value><field_value id="1"><value>000000000000013</value></field_value></entry><entry id="000000000000014"><field_value id="600000101"/><field_value id="700000820"><value>febrero</value></field_value><field_value id="700000850"><value>KS000C29497A1ALOLURQNSGsCwRB4A</value></field_value><field_value id="700000014"><value>2</value></field_value><field_value id="700000013"><value>0</value></field_value><field_value id="600001020"/><field_value id="700001046"/><field_value id="600000099"/><field_value id="600000098"/><field_value id="700000800"><value>Spanish Dates-Full</value></field_value><field_value id="600000096"/><field_value id="600000095"/><field_value id="600000094"/><field_value id="600000093"/><field_value id="600000092"/><field_value id="600000091"/><field_value id="179"><value>AG000C29497A1ABePVRQgm6XDwcSAA</value></field_value><field_value id="600000090"/><field_value id="600000820"/><field_value id="112"/><field_value id="700036000"/><field_value id="8"><value>na</value></field_value><field_value id="700000810"><value>02</value></field_value><field_value id="7"><value>0</value></field_value><field_value id="6"><value>1171673989</value></field_value><field_value id="600000043"/><field_value id="5"><value>Demo</value></field_value><field_value id="4"/><field_value id="600000042"/><field_value id="3"><value>1171673989</value></field_value><field_value id="2"><value>Demo</value></field_value><field_value id="1"><value>000000000000014</value></field_value></entry><entry id="000000000000015"><field_value id="600000101"/><field_value id="700000820"><value>marzo</value></field_value><field_value id="700000850"><value>KS000C29497A1ALOLURQNSGsCwRB4A</value></field_value><field_value id="700000014"><value>3</value></field_value><field_value id="700000013"><value>0</value></field_value><field_value id="600001020"/><field_value id="700001046"/><field_value id="600000099"/><field_value id="600000098"/><field_value id="700000800"><value>Spanish Dates-Full</value></field_value><field_value id="600000096"/><field_value id="600000095"/><field_value id="600000094"/><field_value id="600000093"/><field_value id="600000092"/><field_value id="600000091"/><field_value id="179"><value>AG000C29497A1AoOPVRQkc2ZDwdSAA</value></field_value><field_value id="600000090"/><field_value id="600000820"/><field_value id="112"/><field_value id="700036000"/><field_value id="8"><value>na</value></field_value><field_value id="700000810"><value>03</value></field_value><field_value id="7"><value>0</value></field_value><field_value id="6"><value>1171674144</value></field_value><field_value id="600000043"/><field_value id="5"><value>Demo</value></field_value><field_value id="4"/><field_value id="600000042"/><field_value id="3"><value>1171674144</value></field_value><field_value id="2"><value>Demo</value></field_value><field_value id="1"><value>000000000000015</value></field_value></entry><entry id="000000000000016"><field_value id="600000101"/><field_value id="700000820"><value>abril</value></field_value><field_value id="700000850"><value>KS000C29497A1ALOLURQNSGsCwRB4A</value></field_value><field_value id="700000014"><value>4</value></field_value><field_value id="700000013"><value>0</value></field_value><field_value id="600001020"/><field_value id="700001046"/><field_value id="600000099"/><field_value id="600000098"/><field_value id="700000800"><value>Spanish Dates-Full</value></field_value><field_value id="600000096"/><field_value id="600000095"/><field_value id="600000094"/><field_value id="600000093"/><field_value id="600000092"/><field_value id="600000091"/><field_value id="179"><value>AG000C29497A1Aq#PVRQJveZDwdiAA</value></field_value><field_value id="600000090"/><field_value id="600000820"/><field_value id="112"/><field_value id="700036000"/><field_value id="8"><value>na</value></field_value><field_value id="700000810"><value>04</value></field_value><field_value id="7"><value>0</value></field_value><field_value id="6"><value>1171674155</value></field_value><field_value id="600000043"/><field_value id="5"><value>Demo</value></field_value><field_value id="4"/><field_value id="600000042"/><field_value id="3"><value>1171674155</value></field_value><field_value id="2"><value>Demo</value></field_value><field_value id="1"><value>000000000000016</value></field_value></entry><entry id="000000000000017"><field_value id="600000101"/><field_value id="700000820"><value>mayo</value></field_value><field_value id="700000850"><value>KS000C29497A1ALOLURQNSGsCwRB4A</value></field_value><field_value id="700000014"><value>5</value></field_value><field_value id="700000013"><value>0</value></field_value><field_value id="600001020"/><field_value id="700001046"/><field_value id="600000099"/><field_value id="600000098"/><field_value id="700000800"><value>Spanish Dates-Full</value></field_value><field_value id="600000096"/><field_value id="600000095"/><field_value id="600000094"/><field_value id="600000093"/><field_value id="600000092"/><field_value id="600000091"/><field_value id="179"><value>AG000C29497A1AsuPVRQsRKaDwdyAA</value></field_value><field_value id="600000090"/><field_value id="600000820"/><field_value id="112"/><field_value id="700036000"/><field_value id="8"><value>na</value></field_value><field_value id="700000810"><value>05</value></field_value><field_value id="7"><value>0</value></field_value><field_value id="6"><value>1171674162</value></field_value><field_value id="600000043"/><field_value id="5"><value>Demo</value></field_value><field_value id="4"/><field_value id="600000042"/><field_value id="3"><value>1171674162</value></field_value><field_value id="2"><value>Demo</value></field_value><field_value id="1"><value>000000000000017</value></field_value></entry><entry id="000000000000018"><field_value id="600000101"/><field_value id="700000820"><value>junio</value></field_value><field_value id="700000850"><value>KS000C29497A1ALOLURQNSGsCwRB4A</value></field_value><field_value id="700000014"><value>6</value></field_value><field_value id="700000013"><value>0</value></field_value><field_value id="600001020"/><field_value id="700001046"/><field_value id="600000099"/><field_value id="600000098"/><field_value id="700000800"><value>Spanish Dates-Full</value></field_value><field_value id="600000096"/><field_value id="600000095"/><field_value id="600000094"/><field_value id="600000093"/><field_value id="600000092"/><field_value id="600000091"/><field_value id="179"><value>AG000C29497A1AvePVRQwT#aDweSAA</value></field_value><field_value id="600000090"/><field_value id="600000820"/><field_value id="112"/><field_value id="700036000"/><field_value id="8"><value>na</value></field_value><field_value id="700000810"><value>06</value></field_value><field_value id="7"><value>0</value></field_value><field_value id="6"><value>1171674173</value></field_value><field_value id="600000043"/><field_value id="5"><value>Demo</value></field_value><field_value id="4"/><field_value id="600000042"/><field_value id="3"><value>1171674173</value></field_value><field_value id="2"><value>Demo</value></field_value><field_value id="1"><value>000000000000018</value></field_value></entry><entry id="000000000000019"><field_value id="600000101"/><field_value id="700000820"><value>julio</value></field_value><field_value id="700000850"><value>KS000C29497A1ALOLURQNSGsCwRB4A</value></field_value><field_value id="700000014"><value>7</value></field_value><field_value id="700000013"><value>0</value></field_value><field_value id="600001020"/><field_value id="700001046"/><field_value id="600000099"/><field_value id="600000098"/><field_value id="700000800"><value>Spanish Dates-Full</value></field_value><field_value id="600000096"/><field_value id="600000095"/><field_value id="600000094"/><field_value id="600000093"/><field_value id="600000092"/><field_value id="600000091"/><field_value id="179"><value>AG000C29497A1AxuPVRQRGCaDweiAA</value></field_value><field_value id="600000090"/><field_value id="600000820"/><field_value id="112"/><field_value id="700036000"/><field_value id="8"><value>na</value></field_value><field_value id="700000810"><value>07</value></field_value><field_value id="7"><value>0</value></field_value><field_value id="6"><value>1171674182</value></field_value><field_value id="600000043"/><field_value id="5"><value>Demo</value></field_value><field_value id="4"/><field_value id="600000042"/><field_value id="3"><value>1171674182</value></field_value><field_value id="2"><value>Demo</value></field_value><field_value id="1"><value>000000000000019</value></field_value></entry><entry id="000000000000020"><field_value id="600000101"/><field_value id="700000820"><value>agosto</value></field_value><field_value id="700000850"><value>KS000C29497A1ALOLURQNSGsCwRB4A</value></field_value><field_value id="700000014"><value>8</value></field_value><field_value id="700000013"><value>0</value></field_value><field_value id="600001020"/><field_value id="700001046"/><field_value id="600000099"/><field_value id="600000098"/><field_value id="700000800"><value>Spanish Dates-Full</value></field_value><field_value id="600000096"/><field_value id="600000095"/><field_value id="600000094"/><field_value id="600000093"/><field_value id="600000092"/><field_value id="600000091"/><field_value id="179"><value>AG000C29497A1A0ePVRQzY2aDweyAA</value></field_value><field_value id="600000090"/><field_value id="600000820"/><field_value id="112"/><field_value id="700036000"/><field_value id="8"><value>na</value></field_value><field_value id="700000810"><value>08</value></field_value><field_value id="7"><value>0</value></field_value><field_value id="6"><value>1171674193</value></field_value><field_value id="600000043"/><field_value id="5"><value>Demo</value></field_value><field_value id="4"/><field_value id="600000042"/><field_value id="3"><value>1171674193</value></field_value><field_value id="2"><value>Demo</value></field_value><field_value id="1"><value>000000000000020</value></field_value></entry><entry id="000000000000021"><field_value id="600000101"/><field_value id="700000820"><value>septiembre</value></field_value><field_value id="700000850"><value>KS000C29497A1ALOLURQNSGsCwRB4A</value></field_value><field_value id="700000014"><value>9</value></field_value><field_value id="700000013"><value>0</value></field_value><field_value id="600001020"/><field_value id="700001046"/><field_value id="600000099"/><field_value id="600000098"/><field_value id="700000800"><value>Spanish Dates-Full</value></field_value><field_value id="600000096"/><field_value id="600000095"/><field_value id="600000094"/><field_value id="600000093"/><field_value id="600000092"/><field_value id="600000091"/><field_value id="179"><value>AG000C29497A1A4OPVRQa8maDwfCAA</value></field_value><field_value id="600000090"/><field_value id="600000820"/><field_value id="112"/><field_value id="700036000"/><field_value id="8"><value>na</value></field_value><field_value id="700000810"><value>09</value></field_value><field_value id="7"><value>0</value></field_value><field_value id="6"><value>1171674208</value></field_value><field_value id="600000043"/><field_value id="5"><value>Demo</value></field_value><field_value id="4"/><field_value id="600000042"/><field_value id="3"><value>1171674208</value></field_value><field_value id="2"><value>Demo</value></field_value><field_value id="1"><value>000000000000021</value></field_value></entry><entry id="000000000000022"><field_value id="600000101"/><field_value id="700000820"><value>octubre</value></field_value><field_value id="700000850"><value>KS000C29497A1ALOLURQNSGsCwRB4A</value></field_value><field_value id="700000014"><value>10</value></field_value><field_value id="700000013"><value>0</value></field_value><field_value id="600001020"/><field_value id="700001046"/><field_value id="600000099"/><field_value id="600000098"/><field_value id="700000800"><value>Spanish Dates-Full</value></field_value><field_value id="600000096"/><field_value id="600000095"/><field_value id="600000094"/><field_value id="600000093"/><field_value id="600000092"/><field_value id="600000091"/><field_value id="179"><value>AG000C29497A1A6uPVRQ6e#aDwfSAA</value></field_value><field_value id="600000090"/><field_value id="600000820"/><field_value id="112"/><field_value id="700036000"/><field_value id="8"><value>na</value></field_value><field_value id="700000810"><value>10</value></field_value><field_value id="7"><value>0</value></field_value><field_value id="6"><value>1171674218</value></field_value><field_value id="600000043"/><field_value id="5"><value>Demo</value></field_value><field_value id="4"/><field_value id="600000042"/><field_value id="3"><value>1171674218</value></field_value><field_value id="2"><value>Demo</value></field_value><field_value id="1"><value>000000000000022</value></field_value></entry><entry id="000000000000023"><field_value id="600000101"/><field_value id="700000820"><value>noviembre</value></field_value><field_value id="700000850"><value>KS000C29497A1ALOLURQNSGsCwRB4A</value></field_value><field_value id="700000014"><value>11</value></field_value><field_value id="700000013"><value>0</value></field_value><field_value id="600001020"/><field_value id="700001046"/><field_value id="600000099"/><field_value id="600000098"/><field_value id="700000800"><value>Spanish Dates-Full</value></field_value><field_value id="600000096"/><field_value id="600000095"/><field_value id="600000094"/><field_value id="600000093"/><field_value id="600000092"/><field_value id="600000091"/><field_value id="179"><value>AG000C29497A1A#ePVRQUiibDwfiAA</value></field_value><field_value id="600000090"/><field_value id="600000820"/><field_value id="112"/><field_value id="700036000"/><field_value id="8"><value>na</value></field_value><field_value id="700000810"><value>11</value></field_value><field_value id="7"><value>0</value></field_value><field_value id="6"><value>1171674233</value></field_value><field_value id="600000043"/><field_value id="5"><value>Demo</value></field_value><field_value id="4"/><field_value id="600000042"/><field_value id="3"><value>1171674233</value></field_value><field_value id="2"><value>Demo</value></field_value><field_value id="1"><value>000000000000023</value></field_value></entry><entry id="000000000000024"><field_value id="600000101"/><field_value id="700000820"><value>diciembre</value></field_value><field_value id="700000850"><value>KS000C29497A1ALOLURQNSGsCwRB4A</value></field_value><field_value id="700000014"><value>12</value></field_value><field_value id="700000013"><value>0</value></field_value><field_value id="600001020"/><field_value id="700001046"/><field_value id="600000099"/><field_value id="600000098"/><field_value id="700000800"><value>Spanish Dates-Full</value></field_value><field_value id="600000096"/><field_value id="600000095"/><field_value id="600000094"/><field_value id="600000093"/><field_value id="600000092"/><field_value id="600000091"/><field_value id="179"><value>AG000C29497A1ABuTVRQ9F2bDwfyAA</value></field_value><field_value id="600000090"/><field_value id="600000820"/><field_value id="112"/><field_value id="700036000"/><field_value id="8"><value>na</value></field_value><field_value id="700000810"><value>12</value></field_value><field_value id="7"><value>0</value></field_value><field_value id="6"><value>1171674247</value></field_value><field_value id="600000043"/><field_value id="5"><value>Demo</value></field_value><field_value id="4"/><field_value id="600000042"/><field_value id="3"><value>1171674247</value></field_value><field_value id="2"><value>Demo</value></field_value><field_value id="1"><value>000000000000024</value></field_value></entry></instance></xform></arsystem_xml_report>