<?xml version="1.0" encoding="UTF-8"?>
<arsystem_xml_report><xform id="KS_ACC_Attachment" remedy="http://www.w3.org/2000/xforms"><instance><field-info><field><name>At_AttachmentOne</name><id>700000001</id><type>ATTACHMENT</type></field><field><name>Attachment_File_Name</name><id>700004211</id><type>CHAR</type></field><field><name>AttachmentDescription</name><id>700000090</id><type>CHAR</type></field><field><name>_ArchiveMe</name><id>700036556</id><type>ENUM</type></field><field><name>Form</name><id>600000300</id><type>CHAR</type></field><field><name>CloneSourceInstanceID</name><id>700001046</id><type>CHAR</type></field><field><name>OperationID</name><id>490000700</id><type>CHAR</type></field><field><name>FormID</name><id>600000310</id><type>CHAR</type></field><field><name>Category</name><id>400094600</id><type>CHAR</type></field><field><name>instanceId</name><id>179</id><type>CHAR</type></field><field><name>AttachmentType</name><id>700000085</id><type>CHAR</type></field><field><name>AssigneeGroup</name><id>112</id><type>CHAR</type></field><field><name>ApplicationName</name><id>700036000</id><type>CHAR</type></field><field><name>ShortDescription</name><id>8</id><type>CHAR</type></field><field><name>Status</name><id>7</id><type>ENUM</type></field><field><name>Modified Date</name><id>6</id><type>TIME</type></field><field><name>_ActionTwo</name><id>600000043</id><type>CHAR</type></field><field><name>Last Modified By</name><id>5</id><type>CHAR</type></field><field><name>Assigned To</name><id>4</id><type>CHAR</type></field><field><name>_ActionOne</name><id>600000042</id><type>CHAR</type></field><field><name>Create Date</name><id>3</id><type>TIME</type></field><field><name>Submitter</name><id>2</id><type>CHAR</type></field><field><name>Request ID</name><id>1</id><type>CHAR</type></field></field-info><entry id="000000000000001"><field_value id="700000001"><attach_value><attach_location><loc_type>1</loc_type><filename>KS_ACC_Attachment/Standard_KS_SurveyHeader.gif</filename></attach_location></attach_value></field_value><field_value id="700004211"><value>standardHeader.gif</value></field_value><field_value id="700000090"><value>Standard Kinetic Survey Header</value></field_value><field_value id="700036556"/><field_value id="600000300"><value>KS_SRV_SurveyTemplate</value></field_value><field_value id="700001046"/><field_value id="490000700"/><field_value id="600000310"><value>imagelibrary</value></field_value><field_value id="400094600"><value>SYSTEM_DEFAULTS</value></field_value><field_value id="179"><value>KS000C29497A1ASiPRRA4AtaaADgUA</value></field_value><field_value id="700000085"><value>Image</value></field_value><field_value id="112"><value>0;</value></field_value><field_value id="700036000"/><field_value id="8"><value>na</value></field_value><field_value id="7"><value>0</value></field_value><field_value id="6"><value>1154617005</value></field_value><field_value id="600000043"/><field_value id="5"><value>Demo</value></field_value><field_value id="4"/><field_value id="600000042"/><field_value id="3"><value>1154553146</value></field_value><field_value id="2"><value>Demo</value></field_value><field_value id="1"><value>000000000000001</value></field_value></entry><entry id="000000000000002"><field_value id="700000001"><attach_value><attach_location><loc_type>1</loc_type><filename>KS_ACC_Attachment/poweredByKS.gif</filename></attach_location></attach_value></field_value><field_value id="700004211"><value>poweredByKS.gif</value></field_value><field_value id="700000090"><value>Powered By Kinetic Survey</value></field_value><field_value id="700036556"/><field_value id="600000300"><value>KS_SRV_SurveyTemplate</value></field_value><field_value id="700001046"/><field_value id="490000700"/><field_value id="600000310"><value>imagelibrary</value></field_value><field_value id="400094600"><value>SYSTEM_DEFAULTS</value></field_value><field_value id="179"><value>KS000C29497A1AUSPRRAXipaaADwUA</value></field_value><field_value id="700000085"><value>Image</value></field_value><field_value id="112"><value>0;</value></field_value><field_value id="700036000"/><field_value id="8"><value>na</value></field_value><field_value id="7"><value>0</value></field_value><field_value id="6"><value>1154617005</value></field_value><field_value id="600000043"/><field_value id="5"><value>Demo</value></field_value><field_value id="4"/><field_value id="600000042"/><field_value id="3"><value>1154553153</value></field_value><field_value id="2"><value>Demo</value></field_value><field_value id="1"><value>000000000000002</value></field_value></entry><entry id="000000000000003"><field_value id="700000001"><attach_value><attach_location><loc_type>1</loc_type><filename>KS_ACC_Attachment/plusSign.gif</filename></attach_location></attach_value></field_value><field_value id="700004211"><value>plusSign.gif</value></field_value><field_value id="700000090"><value>Small Plus Sign</value></field_value><field_value id="700036556"/><field_value id="600000300"><value>KS_SRV_SurveyTemplate</value></field_value><field_value id="700001046"/><field_value id="490000700"/><field_value id="600000310"><value>imagelibrary</value></field_value><field_value id="400094600"><value>SYSTEM_DEFAULTS</value></field_value><field_value id="179"><value>KS000C29497A1A9iPRRAGKxcaAEgUA</value></field_value><field_value id="700000085"><value>Image</value></field_value><field_value id="112"><value>0;</value></field_value><field_value id="700036000"/><field_value id="8"><value>na</value></field_value><field_value id="7"><value>0</value></field_value><field_value id="6"><value>1154617005</value></field_value><field_value id="600000043"/><field_value id="5"><value>Demo</value></field_value><field_value id="4"/><field_value id="600000042"/><field_value id="3"><value>1154553318</value></field_value><field_value id="2"><value>Demo</value></field_value><field_value id="1"><value>000000000000003</value></field_value></entry><entry id="000000000000004"><field_value id="700000001"><attach_value><attach_location><loc_type>1</loc_type><filename>KS_ACC_Attachment/minusSign.gif</filename></attach_location></attach_value></field_value><field_value id="700004211"><value>minusSign.gif</value></field_value><field_value id="700000090"><value>Small minus sign</value></field_value><field_value id="700036556"/><field_value id="600000300"><value>KS_SRV_SurveyTemplate</value></field_value><field_value id="700001046"/><field_value id="490000700"/><field_value id="600000310"><value>imagelibrary</value></field_value><field_value id="400094600"><value>SYSTEM_DEFAULTS</value></field_value><field_value id="179"><value>KS000C29497A1AXCPRRAJbZcaAEwUA</value></field_value><field_value id="700000085"><value>Image</value></field_value><field_value id="112"><value>0;</value></field_value><field_value id="700036000"/><field_value id="8"><value>na</value></field_value><field_value id="7"><value>0</value></field_value><field_value id="6"><value>1154617005</value></field_value><field_value id="600000043"/><field_value id="5"><value>Demo</value></field_value><field_value id="4"/><field_value id="600000042"/><field_value id="3"><value>1154553320</value></field_value><field_value id="2"><value>Demo</value></field_value><field_value id="1"><value>000000000000004</value></field_value></entry><entry id="000000000000005"><field_value id="700000001"><attach_value><attach_location><loc_type>1</loc_type><filename>KS_ACC_Attachment/VerticalLine.gif</filename></attach_location></attach_value></field_value><field_value id="700004211"><value>VerticalLine.gif</value></field_value><field_value id="700000090"><value>10x1 vertical line</value></field_value><field_value id="700036556"/><field_value id="600000300"><value>KS_SRV_SurveyTemplate</value></field_value><field_value id="700001046"/><field_value id="490000700"/><field_value id="600000310"><value>imagelibrary</value></field_value><field_value id="400094600"><value>SYSTEM_DEFAULTS</value></field_value><field_value id="179"><value>KS000C29497A1A_SPRRAjsdcaAFAUA</value></field_value><field_value id="700000085"><value>Image</value></field_value><field_value id="112"><value>0;</value></field_value><field_value id="700036000"/><field_value id="8"><value>na</value></field_value><field_value id="7"><value>0</value></field_value><field_value id="6"><value>1154617005</value></field_value><field_value id="600000043"/><field_value id="5"><value>Demo</value></field_value><field_value id="4"/><field_value id="600000042"/><field_value id="3"><value>1154553325</value></field_value><field_value id="2"><value>Demo</value></field_value><field_value id="1"><value>000000000000005</value></field_value></entry><entry id="000000000000006"><field_value id="700000001"><attach_value><attach_location><loc_type>1</loc_type><filename>KS_ACC_Attachment/PoweredByKinetic.gif</filename></attach_location></attach_value></field_value><field_value id="700004211"><value>PoweredByKinetic.gif</value></field_value><field_value id="700000090"><value>PoweredByKinetic</value></field_value><field_value id="700036556"/><field_value id="600000300"><value>KS_SRV_SurveyTemplate</value></field_value><field_value id="700001046"/><field_value id="490000700"/><field_value id="600000310"><value>imagelibrary</value></field_value><field_value id="400094600"/><field_value id="179"><value>AG000C29497A1AvFDkRQfS9KBQQg0A</value></field_value><field_value id="700000085"><value>Image</value></field_value><field_value id="112"><value>0;</value></field_value><field_value id="700036000"/><field_value id="8"><value>na</value></field_value><field_value id="7"><value>0</value></field_value><field_value id="6"><value>1172598022</value></field_value><field_value id="600000043"/><field_value id="5"><value>mhowe</value></field_value><field_value id="4"/><field_value id="600000042"/><field_value id="3"><value>1172597980</value></field_value><field_value id="2"><value>mhowe</value></field_value><field_value id="1"><value>000000000000006</value></field_value></entry><entry id="000000000000007"><field_value id="700000001"><attach_value><attach_location><loc_type>1</loc_type><filename>KS_ACC_Attachment/SithcoHeader.gif</filename></attach_location></attach_value></field_value><field_value id="700004211"><value>SithcoHeader.gif</value></field_value><field_value id="700000090"><value>Sithco Demo Banner</value></field_value><field_value id="700036556"/><field_value id="600000300"><value>KS_SRV_SurveyTemplate</value></field_value><field_value id="700001046"><value>AG000C29497A1AdvwsRgLnU9FQqAUA</value></field_value><field_value id="490000700"/><field_value id="600000310"><value>imagelibrary</value></field_value><field_value id="400094600"><value>SYSTEM_DEFAULTS</value></field_value><field_value id="179"><value>KS000C29497A1A4T1xRgKfe_dAA2EA</value></field_value><field_value id="700000085"><value>Image</value></field_value><field_value id="112"><value>0;</value></field_value><field_value id="700036000"/><field_value id="8"><value>na</value></field_value><field_value id="7"><value>0</value></field_value><field_value id="6"><value>1181822929</value></field_value><field_value id="600000043"/><field_value id="5"><value>K2</value></field_value><field_value id="4"/><field_value id="600000042"/><field_value id="3"><value>1181822929</value></field_value><field_value id="2"><value>K2</value></field_value><field_value id="1"><value>000000000000007</value></field_value></entry><entry id="000000000000008"><field_value id="700000001"><attach_value><attach_location><loc_type>1</loc_type><filename>KS_ACC_Attachment/SithcoLogo.gif</filename></attach_location></attach_value></field_value><field_value id="700004211"><value>SithcoLogo.gif</value></field_value><field_value id="700000090"><value>Sithco Demo Logo</value></field_value><field_value id="700036556"/><field_value id="600000300"><value>KS_SRV_SurveyTemplate</value></field_value><field_value id="700001046"><value>AG000C29497A1AccQsRg6p9iFAYwUA</value></field_value><field_value id="490000700"/><field_value id="600000310"><value>imagelibrary</value></field_value><field_value id="400094600"><value>SYSTEM_DEFAULTS</value></field_value><field_value id="179"><value>KS000C29497A1A6j1xRgqBnAdABWEA</value></field_value><field_value id="700000085"><value>Image</value></field_value><field_value id="112"><value>0;</value></field_value><field_value id="700036000"/><field_value id="8"><value>na</value></field_value><field_value id="7"><value>0</value></field_value><field_value id="6"><value>1257452632</value></field_value><field_value id="600000043"/><field_value id="5"><value>Demo</value></field_value><field_value id="4"/><field_value id="600000042"/><field_value id="3"><value>1181822938</value></field_value><field_value id="2"><value>K2</value></field_value><field_value id="1"><value>000000000000008</value></field_value></entry><entry id="000000000000009"><field_value id="700000001"><attach_value><attach_location><loc_type>1</loc_type><filename>KS_ACC_Attachment/kinetic_survey.jpg</filename></attach_location></attach_value></field_value><field_value id="700004211"><value>kinetic_survey.jpg</value></field_value><field_value id="700000090"><value>Kinetic Survey Gray Header</value></field_value><field_value id="700036556"/><field_value id="600000300"><value>KS_SRV_SurveyTemplate</value></field_value><field_value id="700001046"/><field_value id="490000700"/><field_value id="600000310"><value>imagelibrary</value></field_value><field_value id="400094600"/><field_value id="179"><value>AG000C298C9351UBS2TA1oWZKQTwsA</value></field_value><field_value id="700000085"><value>Image</value></field_value><field_value id="112"><value>0;</value></field_value><field_value id="700036000"/><field_value id="8"><value>na</value></field_value><field_value id="7"><value>0</value></field_value><field_value id="6"><value>1287155220</value></field_value><field_value id="600000043"/><field_value id="5"><value>Demo</value></field_value><field_value id="4"/><field_value id="600000042"/><field_value id="3"><value>1286997568</value></field_value><field_value id="2"><value>Demo</value></field_value><field_value id="1"><value>000000000000009</value></field_value></entry></instance></xform></arsystem_xml_report>