<?xml version="1.0" encoding="UTF-8"?>
<arsystem_xml_report><xform id="KS_MSG_MessageTemplate" remedy="http://www.w3.org/2000/xforms"><instance><field-info><field><name>Message_Template_Format</name><id>700003453</id><type>CHAR</type></field><field><name>Message_Template_Type</name><id>536870913</id><type>CHAR</type></field><field><name>Message_Template_Name</name><id>700001261</id><type>CHAR</type></field><field><name>Form</name><id>600000300</id><type>CHAR</type></field><field><name>Reply To</name><id>18087</id><type>CHAR</type></field><field><name>_ActionOne</name><id>600000042</id><type>CHAR</type></field><field><name>From</name><id>18086</id><type>CHAR</type></field><field><name>ApplicationName</name><id>400069400</id><type>CHAR</type></field><field><name>Short Description</name><id>8</id><type>CHAR</type></field><field><name>Status</name><id>7</id><type>ENUM</type></field><field><name>Modified Date</name><id>6</id><type>TIME</type></field><field><name>Last Modified By</name><id>5</id><type>CHAR</type></field><field><name>Assigned To</name><id>4</id><type>CHAR</type></field><field><name>Create Date</name><id>3</id><type>TIME</type></field><field><name>Submitter</name><id>2</id><type>CHAR</type></field><field><name>Request ID</name><id>1</id><type>CHAR</type></field><field><name>OperationID</name><id>490000700</id><type>CHAR</type></field><field><name>TemplatingType</name><id>700003530</id><type>ENUM</type></field><field><name>CategoryInstanceID</name><id>700001923</id><type>CHAR</type></field><field><name>OutgoingEmailAddress</name><id>700009320</id><type>CHAR</type></field><field><name>Footer Template ID</name><id>18109</id><type>CHAR</type></field><field><name>Body_Text</name><id>700003469</id><type>CHAR</type></field><field><name>Header Template ID</name><id>18108</id><type>CHAR</type></field><field><name>Mailbox Name</name><id>18139</id><type>CHAR</type></field><field><name>UseInstanceID</name><id>700000299</id><type>ENUM</type></field><field><name>FooterTemplateName</name><id>18137</id><type>CHAR</type></field><field><name>ContentTemplateName</name><id>18136</id><type>CHAR</type></field><field><name>HeaderTemplateName</name><id>18135</id><type>CHAR</type></field><field><name>Content Template ID</name><id>18102</id><type>CHAR</type></field><field><name>instanceId</name><id>179</id><type>CHAR</type></field><field><name>Type</name><id>600000600</id><type>CHAR</type></field><field><name>AssigneeGroup</name><id>112</id><type>CHAR</type></field><field><name>Priority</name><id>18096</id><type>INTEGER</type></field><field><name>Mailbox ID</name><id>18093</id><type>CHAR</type></field><field><name>Subject</name><id>18090</id><type>CHAR</type></field><field><name>Category</name><id>600000500</id><type>CHAR</type></field><field><name>MsgTmpltIndex</name><id>700003458</id><type>INTEGER</type></field></field-info><entry id="000000000000115"><field_value id="700003453"><value>HTML</value></field_value><field_value id="536870913"><value>Email</value></field_value><field_value id="700001261"><value>Installation Email</value></field_value><field_value id="600000300"><value>KS_SRV_CustomerSurveyResults_join</value></field_value><field_value id="18087"/><field_value id="600000042"/><field_value id="18086"/><field_value id="400069400"><value>Kinetic Request</value></field_value><field_value id="8"><value>na</value></field_value><field_value id="7"><value>0</value></field_value><field_value id="6"><value>1286893512</value></field_value><field_value id="5"><value>Demo</value></field_value><field_value id="4"/><field_value id="3"><value>1286833048</value></field_value><field_value id="2"><value>Demo</value></field_value><field_value id="1"><value>000000000000115</value></field_value><field_value id="490000700"/><field_value id="700003530"><value>0</value></field_value><field_value id="700001923"><value>KR000C29497A1A3r2jRQCDWHJAKBUA</value></field_value><field_value id="700009320"/><field_value id="18109"/><field_value id="700003469"><value>&lt;p&gt;Dear &lt;FLD&gt;Please enter your name;700004001;ANSWER&lt;/FLD&gt;,&lt;/p&gt;
&lt;p&gt;This email message was sent to verify you have correctly installed Kinetic Request.&lt;/p&gt;
&lt;p&gt;Thank You and have fun!&lt;/p&gt;
</value></field_value><field_value id="18108"/><field_value id="18139"/><field_value id="700000299"><value>0</value></field_value><field_value id="18137"/><field_value id="18136"/><field_value id="18135"/><field_value id="18102"/><field_value id="179"><value>ID000C298C9351CJGzTAOLPIHwjwcA</value></field_value><field_value id="600000600"/><field_value id="112"><value>0;</value></field_value><field_value id="18096"/><field_value id="18093"/><field_value id="18090"><value>Thank you for installing Kinetic Request</value></field_value><field_value id="600000500"><value>SYSTEM_DEFAULTS</value></field_value><field_value id="700003458"/></entry><entry id="000000000000116"><field_value id="700003453"><value>HTML</value></field_value><field_value id="536870913"><value>Email</value></field_value><field_value id="700001261"><value>Installation Email</value></field_value><field_value id="600000300"><value>KS_SRV_CustomerSurveyResults_join</value></field_value><field_value id="18087"/><field_value id="600000042"/><field_value id="18086"/><field_value id="400069400"><value>Kinetic Survey</value></field_value><field_value id="8"><value>na</value></field_value><field_value id="7"><value>0</value></field_value><field_value id="6"><value>1286893490</value></field_value><field_value id="5"><value>Demo</value></field_value><field_value id="4"/><field_value id="3"><value>1286893435</value></field_value><field_value id="2"><value>Demo</value></field_value><field_value id="1"><value>000000000000116</value></field_value><field_value id="490000700"/><field_value id="700003530"><value>0</value></field_value><field_value id="700001923"><value>KS0050564908AF05EhQw3oJVBApgAA</value></field_value><field_value id="700009320"/><field_value id="18109"/><field_value id="700003469"><value>&lt;p&gt;Dear &lt;FLD&gt;Please enter your name;700004001;ANSWER&lt;/FLD&gt;,&lt;/p&gt;
&lt;p&gt;This email message was sent to verify you have correctly installed Kinetic Survey.&lt;/p&gt;
&lt;p&gt;Thank You and have fun!&lt;/p&gt;
</value></field_value><field_value id="18108"/><field_value id="18139"/><field_value id="700000299"><value>0</value></field_value><field_value id="18137"/><field_value id="18136"/><field_value id="18135"/><field_value id="18102"/><field_value id="179"><value>ID000C298C9351V320TAQchjIwgAgA</value></field_value><field_value id="600000600"/><field_value id="112"><value>0;</value></field_value><field_value id="18096"/><field_value id="18093"/><field_value id="18090"><value>Thank you for installing Kinetic Survey</value></field_value><field_value id="600000500"><value>SYSTEM_DEFAULTS</value></field_value><field_value id="700003458"/></entry></instance></xform></arsystem_xml_report>