<?xml version="1.0" encoding="UTF-8"?>
<arsystem_xml_report><xform id="KS_SRV_Category" remedy="http://www.w3.org/2000/xforms"><instance><field-info><field><name>instanceId</name><id>179</id><type>CHAR</type></field><field><name>Application</name><id>700036000</id><type>CHAR</type></field><field><name>_OrigCategoryName</name><id>700003102</id><type>CHAR</type></field><field><name>AssigneeGroup</name><id>112</id><type>CHAR</type></field><field><name>Short Description</name><id>8</id><type>CHAR</type></field><field><name>Category</name><id>600000500</id><type>CHAR</type></field><field><name>Status</name><id>7</id><type>ENUM</type></field><field><name>Modified Date</name><id>6</id><type>TIME</type></field><field><name>Last Modified By</name><id>5</id><type>CHAR</type></field><field><name>Assigned To</name><id>4</id><type>CHAR</type></field><field><name>Create Date</name><id>3</id><type>TIME</type></field><field><name>Submitter</name><id>2</id><type>CHAR</type></field><field><name>Request ID</name><id>1</id><type>CHAR</type></field><field><name>Update</name><id>700003429</id><type>ENUM</type></field><field><name>Management Group</name><id>702031800</id><type>CHAR</type></field></field-info><entry id="000000000000001"><field_value id="179"><value>KS0050564908AF05EhQw3oJVBApgAA</value></field_value><field_value id="700036000"><value>Kinetic Survey</value></field_value><field_value id="700003102"/><field_value id="112"><value>0;</value></field_value><field_value id="8"><value>SYSTEM_DEFAULTS</value></field_value><field_value id="600000500"><value>SYSTEM_DEFAULTS</value></field_value><field_value id="7"><value>0</value></field_value><field_value id="6"><value>1165869035</value></field_value><field_value id="5"><value>Demo</value></field_value><field_value id="4"/><field_value id="3"><value>1126269891</value></field_value><field_value id="2"><value>Demo</value></field_value><field_value id="1"><value>000000000000001</value></field_value><field_value id="700003429"/><field_value id="702031800"/></entry></instance></xform></arsystem_xml_report>