<?xml version="1.0" encoding="UTF-8"?>
<arsystem_xml_report><xform id="KS_ACC_Attachment" remedy="http://www.w3.org/2000/xforms"><instance><field-info><field><name>At_AttachmentOne</name><id>700000001</id><type>ATTACHMENT</type></field><field><name>Attachment_File_Name</name><id>700004211</id><type>CHAR</type></field><field><name>AttachmentDescription</name><id>700000090</id><type>CHAR</type></field><field><name>_ArchiveMe</name><id>700036556</id><type>ENUM</type></field><field><name>Form</name><id>600000300</id><type>CHAR</type></field><field><name>CloneSourceInstanceID</name><id>700001046</id><type>CHAR</type></field><field><name>OperationID</name><id>490000700</id><type>CHAR</type></field><field><name>FormID</name><id>600000310</id><type>CHAR</type></field><field><name>Category</name><id>400094600</id><type>CHAR</type></field><field><name>instanceId</name><id>179</id><type>CHAR</type></field><field><name>AttachmentType</name><id>700000085</id><type>CHAR</type></field><field><name>AssigneeGroup</name><id>112</id><type>CHAR</type></field><field><name>ApplicationName</name><id>700036000</id><type>CHAR</type></field><field><name>ShortDescription</name><id>8</id><type>CHAR</type></field><field><name>Status</name><id>7</id><type>ENUM</type></field><field><name>Modified Date</name><id>6</id><type>TIME</type></field><field><name>_ActionTwo</name><id>600000043</id><type>CHAR</type></field><field><name>Last Modified By</name><id>5</id><type>CHAR</type></field><field><name>Assigned To</name><id>4</id><type>CHAR</type></field><field><name>_ActionOne</name><id>600000042</id><type>CHAR</type></field><field><name>Create Date</name><id>3</id><type>TIME</type></field><field><name>Submitter</name><id>2</id><type>CHAR</type></field><field><name>Request ID</name><id>1</id><type>CHAR</type></field></field-info><entry id="000000000000010"><field_value id="700000001"><attach_value><attach_location><loc_type>1</loc_type><filename>KS_ACC_Attachment/plusSign.gif</filename></attach_location></attach_value></field_value><field_value id="700004211"><value>plusSign.gif</value></field_value><field_value id="700000090"><value>Small Plus Sign</value></field_value><field_value id="700036556"/><field_value id="600000300"><value>KS_SRV_SurveyTemplate</value></field_value><field_value id="700001046"/><field_value id="490000700"/><field_value id="600000310"><value>kineticImageLibrary</value></field_value><field_value id="400094600"><value>SYSTEM_DEFAULTS</value></field_value><field_value id="179"><value>KS000C29497A1AHTatRQYpR2AAoAEA</value></field_value><field_value id="700000085"><value>Image</value></field_value><field_value id="112"><value>0;</value></field_value><field_value id="700036000"/><field_value id="8"><value>na</value></field_value><field_value id="7"><value>0</value></field_value><field_value id="6"><value>1168986685</value></field_value><field_value id="600000043"/><field_value id="5"><value>dlarson</value></field_value><field_value id="4"/><field_value id="600000042"/><field_value id="3"><value>1168986685</value></field_value><field_value id="2"><value>Demo</value></field_value><field_value id="1"><value>000000000000010</value></field_value></entry><entry id="000000000000011"><field_value id="700000001"><attach_value><attach_location><loc_type>1</loc_type><filename>KS_ACC_Attachment/minusSign.gif</filename></attach_location></attach_value></field_value><field_value id="700004211"><value>minusSign.gif</value></field_value><field_value id="700000090"><value>Small minus sign</value></field_value><field_value id="700036556"/><field_value id="600000300"><value>KS_SRV_SurveyTemplate</value></field_value><field_value id="700001046"/><field_value id="490000700"/><field_value id="600000310"><value>kineticImageLibrary</value></field_value><field_value id="400094600"><value>SYSTEM_DEFAULTS</value></field_value><field_value id="179"><value>KS000C29497A1AHzatRQvZt2AAoQEA</value></field_value><field_value id="700000085"><value>Image</value></field_value><field_value id="112"><value>0;</value></field_value><field_value id="700036000"/><field_value id="8"><value>na</value></field_value><field_value id="7"><value>0</value></field_value><field_value id="6"><value>1168986687</value></field_value><field_value id="600000043"/><field_value id="5"><value>dlarson</value></field_value><field_value id="4"/><field_value id="600000042"/><field_value id="3"><value>1168986687</value></field_value><field_value id="2"><value>Demo</value></field_value><field_value id="1"><value>000000000000011</value></field_value></entry><entry id="000000000000012"><field_value id="700000001"><attach_value><attach_location><loc_type>1</loc_type><filename>KS_ACC_Attachment/VerticalLine.gif</filename></attach_location></attach_value></field_value><field_value id="700004211"><value>VerticalLine.gif</value></field_value><field_value id="700000090"><value>10x1 vertical line</value></field_value><field_value id="700036556"/><field_value id="600000300"><value>KS_SRV_SurveyTemplate</value></field_value><field_value id="700001046"/><field_value id="490000700"/><field_value id="600000310"><value>kineticImageLibrary</value></field_value><field_value id="400094600"><value>SYSTEM_DEFAULTS</value></field_value><field_value id="179"><value>KS000C29497A1AIjatRQBqZ2AAowEA</value></field_value><field_value id="700000085"><value>Image</value></field_value><field_value id="112"><value>0;</value></field_value><field_value id="700036000"/><field_value id="8"><value>na</value></field_value><field_value id="7"><value>0</value></field_value><field_value id="6"><value>1168986690</value></field_value><field_value id="600000043"/><field_value id="5"><value>dlarson</value></field_value><field_value id="4"/><field_value id="600000042"/><field_value id="3"><value>1168986690</value></field_value><field_value id="2"><value>Demo</value></field_value><field_value id="1"><value>000000000000012</value></field_value></entry><entry id="000000000000013"><field_value id="700000001"><attach_value><attach_location><loc_type>1</loc_type><filename>KS_ACC_Attachment/DummyIcon_40px.gif</filename></attach_location></attach_value></field_value><field_value id="700004211"><value>tempIcon.gif</value></field_value><field_value id="700000090"><value>DUMMY ICON</value></field_value><field_value id="700036556"/><field_value id="600000300"><value>KS_SRV_SurveyTemplate</value></field_value><field_value id="700001046"/><field_value id="490000700"/><field_value id="600000310"><value>kineticImageLibrary</value></field_value><field_value id="400094600"/><field_value id="179"><value>AG000C29497A1AJqGuRQOLWIAQkwwA</value></field_value><field_value id="700000085"><value>Image</value></field_value><field_value id="112"><value>0;</value></field_value><field_value id="700036000"/><field_value id="8"><value>na</value></field_value><field_value id="7"><value>0</value></field_value><field_value id="6"><value>1169079622</value></field_value><field_value id="600000043"/><field_value id="5"><value>K2</value></field_value><field_value id="4"/><field_value id="600000042"/><field_value id="3"><value>1169079622</value></field_value><field_value id="2"><value>K2</value></field_value><field_value id="1"><value>000000000000013</value></field_value></entry><entry id="000000000000014"><field_value id="700000001"><attach_value><attach_location><loc_type>1</loc_type><filename>KS_ACC_Attachment/Request_30px_159.jpg</filename></attach_location></attach_value></field_value><field_value id="700004211"><value>Request_30px_159.jpg</value></field_value><field_value id="700000090"><value>Kinetic Request 30px Orange</value></field_value><field_value id="700036556"/><field_value id="600000300"><value>KS_SRV_SurveyTemplate</value></field_value><field_value id="700001046"/><field_value id="490000700"/><field_value id="600000310"><value>kineticImageLibrary</value></field_value><field_value id="400094600"/><field_value id="179"><value>AG000C29497A1AgF22RQ3SMJAAjgAA</value></field_value><field_value id="700000085"><value>Image</value></field_value><field_value id="112"><value>0;</value></field_value><field_value id="700036000"/><field_value id="8"><value>na</value></field_value><field_value id="7"><value>0</value></field_value><field_value id="6"><value>1169586604</value></field_value><field_value id="600000043"/><field_value id="5"><value>K2</value></field_value><field_value id="4"/><field_value id="600000042"/><field_value id="3"><value>1169586592</value></field_value><field_value id="2"><value>K2</value></field_value><field_value id="1"><value>000000000000014</value></field_value></entry><entry id="000000000000015"><field_value id="700000001"><attach_value><attach_location><loc_type>1</loc_type><filename>KS_ACC_Attachment/GroupBusiness1.jpg</filename></attach_location></attach_value></field_value><field_value id="700004211"><value>groupBusiness.jpg</value></field_value><field_value id="700000090"><value>Category Icon For People</value></field_value><field_value id="700036556"/><field_value id="600000300"><value>KS_SRV_SurveyTemplate</value></field_value><field_value id="700001046"/><field_value id="490000700"/><field_value id="600000310"><value>kineticImageLibrary</value></field_value><field_value id="400094600"/><field_value id="179"><value>AG000C29497A1AUCi5RQKmHxCggw4A</value></field_value><field_value id="700000085"><value>Image</value></field_value><field_value id="112"><value>0;</value></field_value><field_value id="700036000"/><field_value id="8"><value>na</value></field_value><field_value id="7"><value>0</value></field_value><field_value id="6"><value>1169769593</value></field_value><field_value id="600000043"/><field_value id="5"><value>K2</value></field_value><field_value id="4"/><field_value id="600000042"/><field_value id="3"><value>1169769584</value></field_value><field_value id="2"><value>K2</value></field_value><field_value id="1"><value>000000000000015</value></field_value></entry><entry id="000000000000016"><field_value id="700000001"><attach_value><attach_location><loc_type>1</loc_type><filename>KS_ACC_Attachment/hardware.jpg</filename></attach_location></attach_value></field_value><field_value id="700004211"><value>hardware.jpg</value></field_value><field_value id="700000090"><value>Hardware Icon</value></field_value><field_value id="700036556"/><field_value id="600000300"><value>KS_SRV_SurveyTemplate</value></field_value><field_value id="700001046"/><field_value id="490000700"/><field_value id="600000310"><value>kineticImageLibrary</value></field_value><field_value id="400094600"/><field_value id="179"><value>AG000C29497A1ARzS5RQYh8gCwpQ4A</value></field_value><field_value id="700000085"><value>Image</value></field_value><field_value id="112"><value>0;</value></field_value><field_value id="700036000"/><field_value id="8"><value>na</value></field_value><field_value id="7"><value>0</value></field_value><field_value id="6"><value>1169772662</value></field_value><field_value id="600000043"/><field_value id="5"><value>K2</value></field_value><field_value id="4"/><field_value id="600000042"/><field_value id="3"><value>1169772647</value></field_value><field_value id="2"><value>K2</value></field_value><field_value id="1"><value>000000000000016</value></field_value></entry><entry id="000000000000017"><field_value id="700000001"><attach_value><attach_location><loc_type>1</loc_type><filename>KS_ACC_Attachment/software.jpg</filename></attach_location></attach_value></field_value><field_value id="700004211"><value>software.jpg</value></field_value><field_value id="700000090"><value>Software Icon</value></field_value><field_value id="700036556"/><field_value id="600000300"><value>KS_SRV_SurveyTemplate</value></field_value><field_value id="700001046"/><field_value id="490000700"/><field_value id="600000310"><value>kineticImageLibrary</value></field_value><field_value id="400094600"/><field_value id="179"><value>AG000C29497A1AfzS5RQJPkgCw1A4A</value></field_value><field_value id="700000085"><value>Image</value></field_value><field_value id="112"><value>0;</value></field_value><field_value id="700036000"/><field_value id="8"><value>na</value></field_value><field_value id="7"><value>0</value></field_value><field_value id="6"><value>1169772716</value></field_value><field_value id="600000043"/><field_value id="5"><value>K2</value></field_value><field_value id="4"/><field_value id="600000042"/><field_value id="3"><value>1169772703</value></field_value><field_value id="2"><value>K2</value></field_value><field_value id="1"><value>000000000000017</value></field_value></entry><entry id="000000000000018"><field_value id="700000001"><attach_value><attach_location><loc_type>1</loc_type><filename>KS_ACC_Attachment/network.jpg</filename></attach_location></attach_value></field_value><field_value id="700004211"><value>network.jpg</value></field_value><field_value id="700000090"><value>Network Icon</value></field_value><field_value id="700036556"/><field_value id="600000300"><value>KS_SRV_SurveyTemplate</value></field_value><field_value id="700001046"/><field_value id="490000700"/><field_value id="600000310"><value>kineticImageLibrary</value></field_value><field_value id="400094600"/><field_value id="179"><value>AG000C29497A1AsjS5RQvL8hCw2Q4A</value></field_value><field_value id="700000085"><value>Image</value></field_value><field_value id="112"><value>0;</value></field_value><field_value id="700036000"/><field_value id="8"><value>na</value></field_value><field_value id="7"><value>0</value></field_value><field_value id="6"><value>1169772767</value></field_value><field_value id="600000043"/><field_value id="5"><value>K2</value></field_value><field_value id="4"/><field_value id="600000042"/><field_value id="3"><value>1169772754</value></field_value><field_value id="2"><value>K2</value></field_value><field_value id="1"><value>000000000000018</value></field_value></entry><entry id="000000000000019"><field_value id="700000001"><attach_value><attach_location><loc_type>1</loc_type><filename>KS_ACC_Attachment/favorites.jpg</filename></attach_location></attach_value></field_value><field_value id="700004211"><value>favorites.jpg</value></field_value><field_value id="700000090"><value>Favorites Icon</value></field_value><field_value id="700036556"/><field_value id="600000300"><value>KS_SRV_SurveyTemplate</value></field_value><field_value id="700001046"/><field_value id="490000700"/><field_value id="600000310"><value>kineticImageLibrary</value></field_value><field_value id="400094600"/><field_value id="179"><value>AG000C29497A1A8zS5RQnb4iCw4A4A</value></field_value><field_value id="700000085"><value>Image</value></field_value><field_value id="112"><value>0;</value></field_value><field_value id="700036000"/><field_value id="8"><value>na</value></field_value><field_value id="7"><value>0</value></field_value><field_value id="6"><value>1169772826</value></field_value><field_value id="600000043"/><field_value id="5"><value>K2</value></field_value><field_value id="4"/><field_value id="600000042"/><field_value id="3"><value>1169772819</value></field_value><field_value id="2"><value>K2</value></field_value><field_value id="1"><value>000000000000019</value></field_value></entry><entry id="000000000000020"><field_value id="700000001"><attach_value><attach_location><loc_type>1</loc_type><filename>KS_ACC_Attachment/magGlass.jpg</filename></attach_location></attach_value></field_value><field_value id="700004211"><value>smMagGlass.jpg</value></field_value><field_value id="700000090"><value>Small Magnifying Glass-16px</value></field_value><field_value id="700036556"/><field_value id="600000300"><value>KS_SRV_SurveyTemplate</value></field_value><field_value id="700001046"/><field_value id="490000700"/><field_value id="600000310"><value>kineticImageLibrary</value></field_value><field_value id="400094600"/><field_value id="179"><value>AG000C29497A1AZYjCRQ24nTAQhwUA</value></field_value><field_value id="700000085"><value>Image</value></field_value><field_value id="112"><value>0;</value></field_value><field_value id="700036000"/><field_value id="8"><value>na</value></field_value><field_value id="7"><value>0</value></field_value><field_value id="6"><value>1170384021</value></field_value><field_value id="600000043"/><field_value id="5"><value>K2</value></field_value><field_value id="4"/><field_value id="600000042"/><field_value id="3"><value>1170384005</value></field_value><field_value id="2"><value>K2</value></field_value><field_value id="1"><value>000000000000020</value></field_value></entry><entry id="000000000000021"><field_value id="700000001"><attach_value><attach_location><loc_type>1</loc_type><filename>KS_ACC_Attachment/RequestName.gif</filename></attach_location></attach_value></field_value><field_value id="700004211"><value>requestName.gif</value></field_value><field_value id="700000090"><value>Kinetic Request Image</value></field_value><field_value id="700036556"/><field_value id="600000300"><value>KS_SRV_SurveyTemplate</value></field_value><field_value id="700001046"/><field_value id="490000700"/><field_value id="600000310"><value>kineticImageLibrary</value></field_value><field_value id="400094600"><value>SYSTEM_DEFAULTS</value></field_value><field_value id="179"><value>KS000C29497A1A12nDRQ3ixEBQBQkA</value></field_value><field_value id="700000085"><value>Image</value></field_value><field_value id="112"><value>0;</value></field_value><field_value id="700036000"/><field_value id="8"><value>na</value></field_value><field_value id="7"><value>0</value></field_value><field_value id="6"><value>1170441719</value></field_value><field_value id="600000043"/><field_value id="5"><value>K2</value></field_value><field_value id="4"/><field_value id="600000042"/><field_value id="3"><value>1170441719</value></field_value><field_value id="2"><value>K2</value></field_value><field_value id="1"><value>000000000000021</value></field_value></entry><entry id="000000000000022"><field_value id="700000001"><attach_value><attach_location><loc_type>1</loc_type><filename>KS_ACC_Attachment/SithcoWordmark_wt.gif</filename></attach_location></attach_value></field_value><field_value id="700004211"><value>SithcoWordmark_wt.gif</value></field_value><field_value id="700000090"><value>Sithco-Demo Wordmark</value></field_value><field_value id="700036556"/><field_value id="600000300"><value>KS_SRV_SurveyTemplate</value></field_value><field_value id="700001046"/><field_value id="490000700"/><field_value id="600000310"><value>kineticImageLibrary</value></field_value><field_value id="400094600"/><field_value id="179"><value>AG000C29497A1AIDDjRQrtDiAA5wYA</value></field_value><field_value id="700000085"><value>Image</value></field_value><field_value id="112"><value>0;</value></field_value><field_value id="700036000"/><field_value id="8"><value>na</value></field_value><field_value id="7"><value>0</value></field_value><field_value id="6"><value>1172524100</value></field_value><field_value id="600000043"/><field_value id="5"><value>K2</value></field_value><field_value id="4"/><field_value id="600000042"/><field_value id="3"><value>1172524096</value></field_value><field_value id="2"><value>K2</value></field_value><field_value id="1"><value>000000000000022</value></field_value></entry><entry id="000000000000023"><field_value id="700000001"><attach_value><attach_location><loc_type>1</loc_type><filename>KS_ACC_Attachment/PoweredByKinetic.gif</filename></attach_location></attach_value></field_value><field_value id="700004211"><value>PoweredByKinetic.gif</value></field_value><field_value id="700000090"><value>PoweredByKinetic</value></field_value><field_value id="700036556"/><field_value id="600000300"><value>KS_SRV_SurveyTemplate</value></field_value><field_value id="700001046"/><field_value id="490000700"/><field_value id="600000310"><value>kineticImageLibrary</value></field_value><field_value id="400094600"/><field_value id="179"><value>AG000C29497A1AkFHkRQf21NBQTQ0A</value></field_value><field_value id="700000085"><value>Image</value></field_value><field_value id="112"><value>0;</value></field_value><field_value id="700036000"/><field_value id="8"><value>na</value></field_value><field_value id="7"><value>0</value></field_value><field_value id="6"><value>1172598210</value></field_value><field_value id="600000043"/><field_value id="5"><value>mhowe</value></field_value><field_value id="4"/><field_value id="600000042"/><field_value id="3"><value>1172598192</value></field_value><field_value id="2"><value>mhowe</value></field_value><field_value id="1"><value>000000000000023</value></field_value></entry><entry id="000000000000024"><field_value id="700000001"><attach_value><attach_location><loc_type>1</loc_type><filename>KS_ACC_Attachment/SithcoLogo.gif</filename></attach_location></attach_value></field_value><field_value id="700004211"><value>SithcoLogo.gif</value></field_value><field_value id="700000090"><value>Sithco Demo Logo</value></field_value><field_value id="700036556"/><field_value id="600000300"><value>KS_SRV_SurveyTemplate</value></field_value><field_value id="700001046"/><field_value id="490000700"/><field_value id="600000310"><value>kineticImageLibrary</value></field_value><field_value id="400094600"/><field_value id="179"><value>AG000C29497A1AccQsRg6p9iFAYwUA</value></field_value><field_value id="700000085"><value>Image</value></field_value><field_value id="112"><value>0;</value></field_value><field_value id="700036000"/><field_value id="8"><value>na</value></field_value><field_value id="7"><value>0</value></field_value><field_value id="6"><value>1177335399</value></field_value><field_value id="600000043"/><field_value id="5"><value>K2</value></field_value><field_value id="4"/><field_value id="600000042"/><field_value id="3"><value>1177335393</value></field_value><field_value id="2"><value>K2</value></field_value><field_value id="1"><value>000000000000024</value></field_value></entry><entry id="000000000000025"><field_value id="700000001"><attach_value><attach_location><loc_type>1</loc_type><filename>KS_ACC_Attachment/SithcoHeader.gif</filename></attach_location></attach_value></field_value><field_value id="700004211"><value>SithcoHeader.gif</value></field_value><field_value id="700000090"><value>Sithco Demo Banner</value></field_value><field_value id="700036556"/><field_value id="600000300"><value>KS_SRV_SurveyTemplate</value></field_value><field_value id="700001046"/><field_value id="490000700"/><field_value id="600000310"><value>kineticImageLibrary</value></field_value><field_value id="400094600"/><field_value id="179"><value>AG000C29497A1AdvwsRgLnU9FQqAUA</value></field_value><field_value id="700000085"><value>Image</value></field_value><field_value id="112"><value>0;</value></field_value><field_value id="700036000"/><field_value id="8"><value>na</value></field_value><field_value id="7"><value>0</value></field_value><field_value id="6"><value>1177349741</value></field_value><field_value id="600000043"/><field_value id="5"><value>K2</value></field_value><field_value id="4"/><field_value id="600000042"/><field_value id="3"><value>1177349734</value></field_value><field_value id="2"><value>K2</value></field_value><field_value id="1"><value>000000000000025</value></field_value></entry><entry id="000000000000026"><field_value id="700000001"><attach_value><attach_location><loc_type>1</loc_type><filename>KS_ACC_Attachment/arrowRight.gif</filename></attach_location></attach_value></field_value><field_value id="700004211"><value>arrowRight.gif</value></field_value><field_value id="700000090"><value>Arrow Right - Black</value></field_value><field_value id="700036556"/><field_value id="600000300"><value>KS_SRV_SurveyTemplate</value></field_value><field_value id="700001046"/><field_value id="490000700"/><field_value id="600000310"><value>kineticImageLibrary</value></field_value><field_value id="400094600"/><field_value id="179"><value>AG000C29497A1AQww0Rg3SvTMApg8A</value></field_value><field_value id="700000085"><value>Image</value></field_value><field_value id="112"><value>0;</value></field_value><field_value id="700036000"/><field_value id="8"><value>na</value></field_value><field_value id="7"><value>0</value></field_value><field_value id="6"><value>1177812535</value></field_value><field_value id="600000043"/><field_value id="5"><value>K2</value></field_value><field_value id="4"/><field_value id="600000042"/><field_value id="3"><value>1177812531</value></field_value><field_value id="2"><value>K2</value></field_value><field_value id="1"><value>000000000000026</value></field_value></entry><entry id="000000000000027"><field_value id="700000001"><attach_value><attach_location><loc_type>1</loc_type><filename>KS_ACC_Attachment/arrowDown.gif</filename></attach_location></attach_value></field_value><field_value id="700004211"><value>arrowDown.gif</value></field_value><field_value id="700000090"><value>Arrow Down - Black</value></field_value><field_value id="700036556"/><field_value id="600000300"><value>KS_SRV_SurveyTemplate</value></field_value><field_value id="700001046"/><field_value id="490000700"/><field_value id="600000310"><value>kineticImageLibrary</value></field_value><field_value id="400094600"/><field_value id="179"><value>AG000C29497A1Adww0RgRfbTMAqg8A</value></field_value><field_value id="700000085"><value>Image</value></field_value><field_value id="112"><value>0;</value></field_value><field_value id="700036000"/><field_value id="8"><value>na</value></field_value><field_value id="7"><value>0</value></field_value><field_value id="6"><value>1177812586</value></field_value><field_value id="600000043"/><field_value id="5"><value>K2</value></field_value><field_value id="4"/><field_value id="600000042"/><field_value id="3"><value>1177812583</value></field_value><field_value id="2"><value>K2</value></field_value><field_value id="1"><value>000000000000027</value></field_value></entry><entry id="000000000000028"><field_value id="700000001"><attach_value><attach_location><loc_type>1</loc_type><filename>KS_ACC_Attachment/poll.gif</filename></attach_location></attach_value></field_value><field_value id="700004211"><value>poll.gif</value></field_value><field_value id="700000090"><value>poll image</value></field_value><field_value id="700036556"/><field_value id="600000300"><value>KS_SRV_SurveyTemplate</value></field_value><field_value id="700001046"/><field_value id="490000700"/><field_value id="600000310"><value>kineticImageLibrary</value></field_value><field_value id="400094600"/><field_value id="179"><value>AG000C29497A1AfvI1Rg14I#OALxIA</value></field_value><field_value id="700000085"><value>Image</value></field_value><field_value id="112"><value>0;</value></field_value><field_value id="700036000"/><field_value id="8"><value>na</value></field_value><field_value id="7"><value>0</value></field_value><field_value id="6"><value>1177937010</value></field_value><field_value id="600000043"/><field_value id="5"><value>Demo</value></field_value><field_value id="4"/><field_value id="600000042"/><field_value id="3"><value>1177937006</value></field_value><field_value id="2"><value>Demo</value></field_value><field_value id="1"><value>000000000000028</value></field_value></entry></instance></xform></arsystem_xml_report>