<?xml version="1.0" encoding="UTF-8"?>
<arsystem_xml_report><xform id="KS_SRV_ContentsElementHTML" remedy="http://www.w3.org/2000/xforms"><instance><field-info><field><name>SourceFormID</name><id>600000310</id><type>CHAR</type></field><field><name>_Parameters_Left_Temp</name><id>770006505</id><type>CHAR</type></field><field><name>DynamicText</name><id>700001048</id><type>CHAR</type></field><field><name>Clone_SourceInstanceID</name><id>700001046</id><type>CHAR</type></field><field><name>_OrigQuestionInstanceID</name><id>700001045</id><type>CHAR</type></field><field><name>_OrigSurveyInstanceID</name><id>700001044</id><type>CHAR</type></field><field><name>_ActionThree</name><id>700001043</id><type>CHAR</type></field><field><name>Button_Alignment</name><id>700073220</id><type>CHAR</type></field><field><name>Run Custom Logic</name><id>700060522</id><type>ENUM</type></field><field><name>Element_HTML</name><id>700001690</id><type>CHAR</type></field><field><name>Review_Frame</name><id>700060521</id><type>ENUM</type></field><field><name>_CategoryInstanceID</name><id>700001923</id><type>CHAR</type></field><field><name>SourceForm</name><id>600000300</id><type>CHAR</type></field><field><name>Layer_CSS_Style</name><id>70000105</id><type>CHAR</type></field><field><name>_Next</name><id>700001239</id><type>INTEGER</type></field><field><name>QuestionInstanceID</name><id>700000230</id><type>CHAR</type></field><field><name>_Last</name><id>700002239</id><type>INTEGER</type></field><field><name>ElementName_TableDisplay</name><id>700002396</id><type>CHAR</type></field><field><name>instanceId</name><id>179</id><type>CHAR</type></field><field><name>PreviousButtonElementID</name><id>700007886</id><type>CHAR</type></field><field><name>SubmitButtonElementID</name><id>700007885</id><type>CHAR</type></field><field><name>_CurrCSSStyle</name><id>70006004</id><type>CHAR</type></field><field><name>_StyleTag</name><id>70006003</id><type>CHAR</type></field><field><name>_ZeroLengthTemp2</name><id>700073306</id><type>CHAR</type></field><field><name>EditingSessionID</name><id>700002320</id><type>CHAR</type></field><field><name>_StylePartStr</name><id>70006002</id><type>CHAR</type></field><field><name>_ZeroLengthTemp1</name><id>700073305</id><type>CHAR</type></field><field><name>_StylePos</name><id>70006001</id><type>INTEGER</type></field><field><name>_SemiColonPos</name><id>70006000</id><type>INTEGER</type></field><field><name>_tmpCSS_Style_Class2</name><id>700073303</id><type>CHAR</type></field><field><name>_tmpEndLocation</name><id>700073302</id><type>INTEGER</type></field><field><name>_tmpStartLocation</name><id>700073301</id><type>INTEGER</type></field><field><name>_tmpCSS_Style_Class</name><id>700073300</id><type>CHAR</type></field><field><name>OperationID</name><id>490000700</id><type>CHAR</type></field><field><name>Element_ID_New</name><id>700001080</id><type>CHAR</type></field><field><name>Alt_Tag</name><id>700011300</id><type>CHAR</type></field><field><name>SurveyInstanceID</name><id>700000800</id><type>CHAR</type></field><field><name>SessionID</name><id>700065214</id><type>CHAR</type></field><field><name>HelpText</name><id>700011200</id><type>CHAR</type></field><field><name>Display_Style</name><id>700073060</id><type>CHAR</type></field><field><name>SortOrderChangeTo</name><id>700001212</id><type>INTEGER</type></field><field><name>_SortOrder</name><id>700002310</id><type>INTEGER</type></field><field><name>SortOrder</name><id>700001211</id><type>INTEGER</type></field><field><name>_ShiftDown</name><id>700001210</id><type>INTEGER</type></field><field><name>_Encoded_URL</name><id>700009874</id><type>CHAR</type></field><field><name>_ActionTwo</name><id>600000043</id><type>CHAR</type></field><field><name>_ActionOne</name><id>600000042</id><type>CHAR</type></field><field><name>Button_Type</name><id>700002409</id><type>ENUM</type></field><field><name>Clear_Answer</name><id>700002408</id><type>ENUM</type></field><field><name>Enable_Previous_Button</name><id>700002407</id><type>ENUM</type></field><field><name>Previous_Button_Value</name><id>700002309</id><type>CHAR</type></field><field><name>Submit_Button_Value</name><id>700002308</id><type>CHAR</type></field><field><name>_ShiftValue</name><id>700001209</id><type>INTEGER</type></field><field><name>Page_Type</name><id>700002307</id><type>ENUM</type></field><field><name>_SortOrderOffset</name><id>700002400</id><type>INTEGER</type></field><field><name>Image_Value</name><id>700002306</id><type>CHAR</type></field><field><name>_tempInstanceID</name><id>536870915</id><type>CHAR</type></field><field><name>_NextPageSortValue</name><id>700002305</id><type>INTEGER</type></field><field><name>_PageInstanceField_ID</name><id>700002304</id><type>CHAR</type></field><field><name>Element_ID_DEPR</name><id>536870913</id><type>CHAR</type></field><field><name>_EventStatus_Field_ID</name><id>710060521</id><type>CHAR</type></field><field><name>ReadOnly</name><id>700073051</id><type>ENUM</type></field><field><name>PageInstanceId</name><id>700002303</id><type>CHAR</type></field><field><name>Section_Name</name><id>700001204</id><type>CHAR</type></field><field><name>URL_Target</name><id>710060520</id><type>ENUM</type></field><field><name>Display</name><id>700073050</id><type>ENUM</type></field><field><name>_Survey_Context</name><id>700002302</id><type>CHAR</type></field><field><name>Page_Name</name><id>700001203</id><type>CHAR</type></field><field><name>Short Description</name><id>8</id><type>CHAR</type></field><field><name>Display_Page</name><id>700002301</id><type>CHAR</type></field><field><name>Element_Type</name><id>700001202</id><type>ENUM</type></field><field><name>Status</name><id>7</id><type>ENUM</type></field><field><name>Z-Order</name><id>700001201</id><type>DECIMAL</type></field><field><name>Modified Date</name><id>6</id><type>TIME</type></field><field><name>Question_Number</name><id>700001200</id><type>DECIMAL</type></field><field><name>Last Modified By</name><id>5</id><type>CHAR</type></field><field><name>Element_Name</name><id>1002</id><type>CHAR</type></field><field><name>Assigned To</name><id>4</id><type>CHAR</type></field><field><name>Create Date</name><id>3</id><type>TIME</type></field><field><name>Submitter</name><id>2</id><type>CHAR</type></field><field><name>_OpenSection</name><id>70000098</id><type>CHAR</type></field><field><name>Request ID</name><id>1</id><type>CHAR</type></field><field><name>URL_Reference</name><id>700001100</id><type>CHAR</type></field><field><name>_ElementType</name><id>70000095</id><type>CHAR</type></field><field><name>_ElementTypeField_ID</name><id>70000094</id><type>CHAR</type></field><field><name>_Multi-Purpose-Integer1</name><id>600000098</id><type>INTEGER</type></field><field><name>_Multi-Purpose-Integer</name><id>600000097</id><type>INTEGER</type></field><field><name>_ActionFive</name><id>700002002</id><type>CHAR</type></field><field><name>_Multi-Purpose3</name><id>600000092</id><type>CHAR</type></field><field><name>_Multi-Purpose2</name><id>600000091</id><type>CHAR</type></field><field><name>_ActionFour</name><id>700002000</id><type>CHAR</type></field><field><name>_Multi-Purpose</name><id>600000090</id><type>CHAR</type></field><field><name>CSSStyleClass</name><id>700060050</id><type>CHAR</type></field><field><name>_Web_Server_URL</name><id>700001259</id><type>CHAR</type></field><field><name>_AttachmentTypeField_ID</name><id>70000089</id><type>CHAR</type></field><field><name>_AttachmentFormNameField_ID</name><id>70000088</id><type>CHAR</type></field><field><name>_ValueField_ID</name><id>70000087</id><type>CHAR</type></field><field><name>_OrderField_ID</name><id>70000086</id><type>CHAR</type></field><field><name>_CurrentListValue</name><id>70000085</id><type>CHAR</type></field><field><name>_FormID</name><id>70000083</id><type>CHAR</type></field><field><name>_SurveyInstanceID_Field_ID</name><id>70000082</id><type>CHAR</type></field><field><name>_CurrentItem</name><id>70000081</id><type>CHAR</type></field><field><name>_StylesAppliedInstanceID</name><id>700001055</id><type>CHAR</type></field><field><name>_ValuesApplied</name><id>70000080</id><type>CHAR</type></field><field><name>_PageStyles</name><id>700001054</id><type>CHAR</type></field><field><name>Page_Styles</name><id>700001053</id><type>CHAR</type></field><field><name>Image_Source</name><id>700008000</id><type>ENUM</type></field><field><name>Text_Name</name><id>700001051</id><type>CHAR</type></field></field-info><entry id="000000000000126"><field_value id="600000310"/><field_value id="770006505"/><field_value id="700001048"/><field_value id="700001046"/><field_value id="700001045"/><field_value id="700001044"/><field_value id="700001043"/><field_value id="700073220"><value>Vertical</value></field_value><field_value id="700060522"/><field_value id="700001690"><value>&lt;div id='PAGE_KS00505696003d3m6QTwYPE2HQg2Lg' class='templateContent ' label='Initial Page' style='overflow:hidden; '&gt;
&lt;div class='templateSection indent' id='SECTION_KS00505696003d88CRTwQF-4JQSV7h' label='Top Section' style='overflow:hidden;'&gt; 
&lt;div class='dynamicText ' id='DYNAMIC_TEXT_KS00505696003dAcGRTwoLq7JQf17h' title='' SOURCE_FORM='KS_SRV_Manager' label='Top Text' style=''&gt;&lt;div class="right"&gt;&lt;a href="KSAuthenticationServlet?Logout=true"&gt;Logout&lt;/a&gt;&lt;/div&gt;&lt;/div&gt; 
 
&lt;/div&gt;
&lt;div class='templateSection indent boxed clear' id='SECTION_KS00505696003duHCQTwwAlaHQoWbg' label='Info Section' style='overflow:hidden;'&gt; 
&lt;div class='dynamicText ' id='DYNAMIC_TEXT_KS00505696003d9G-QTwQJxMHQeWTg' title='' SOURCE_FORM='KS_SRV_Manager' label='Info Text' style=''&gt;&lt;h3&gt;Submission Lock Manager&lt;/h3&gt;
&lt;p&gt;This form provides controls to check the lock status of a submission, and to lock or unlock a submission.&lt;/p&gt;&lt;/div&gt; 
 
&lt;/div&gt;
&lt;div class='templateSection indent boxed divided clear' id='SECTION_KS00505696003d6m6QTwQIU7HQqWLg' label='Submission Section' style='overflow:hidden;'&gt; 
&lt;div class='dynamicText fullwidth' id='DYNAMIC_TEXT_KS00505696003d2p2RTwQKpzJA6Szh' title='' SOURCE_FORM='KS_SRV_Manager' label='Check Status Instructions Text' style=''&gt;&lt;div&gt;
&lt;p class="instructions"&gt;Enter either a KSR ID or a Submission ID.&lt;/p&gt;
&lt;/div&gt;&lt;/div&gt; 
&lt;div class='questionLayer ' id='QLAYER_KS00505696003dWZ2RTwINRfJA7yrh' label='KSR ID' title='' style=''&gt; 
&lt;div class='questionLabel' id='QLABEL_KS00505696003dWZ2RTwINRfJA7yrh' label='KSR ID' style=''&gt;KSR ID 
&lt;/div&gt;
&lt;div class='questionAnswer' id='QANSWER_KS00505696003dWZ2RTwINRfJA7yrh' label='KSR ID' style=''&gt;&lt;input type='text' id='SRVQSTN_KS00505696003dWZ2RTwINRfJA7yrh' class='answerValue answerText'  name='SRVQSTN_KS00505696003dWZ2RTwINRfJA7yrh' size='18' maxlength='' errorValue='' validationText=''  validationFormat='' transient='transient'/&gt; 
&lt;/div&gt; 
&lt;/div&gt; 
&lt;div class='questionLayer ' id='QLAYER_KS00505696003dE2-QTwMEBAHQBmPg' label='Submission ID' title='' style=''&gt; 
&lt;div class='questionLabel' id='QLABEL_KS00505696003dE2-QTwMEBAHQBmPg' label='Submission ID' style=''&gt;Submission ID 
&lt;/div&gt;
&lt;div class='questionAnswer' id='QANSWER_KS00505696003dE2-QTwMEBAHQBmPg' label='Submission ID' style=''&gt;&lt;input type='text' id='SRVQSTN_KS00505696003dE2-QTwMEBAHQBmPg' class='answerValue answerText'  name='SRVQSTN_KS00505696003dE2-QTwMEBAHQBmPg' size='40' maxlength='' errorValue='' validationText=''  validationFormat='' transient=''/&gt; 
&lt;/div&gt; 
&lt;/div&gt; 
&lt;div class='dynamicText ' id='DYNAMIC_TEXT_KS00505696003d0PeWTwYPUKQAxzzk' title='' SOURCE_FORM='KS_SRV_Manager' label='Check Status / Unlock Control Buttons' style=''&gt;&lt;button id="bStatus"&gt;Check Status&lt;/button&gt;
&lt;button id="bUnlock"&gt;Unlock&lt;/button&gt;&lt;/div&gt; 
 
&lt;/div&gt;
&lt;div class='templateSection indent boxed divided clear' id='SECTION_KS00505696003dfVmVTwUKCzMwWQ7j' label='Submission Lock Controls Section' style='overflow:hidden;'&gt; 
&lt;div class='dynamicText fullwidth' id='DYNAMIC_TEXT_KS00505696003d6_eWTwkEwQQA8zzk' title='' SOURCE_FORM='KS_SRV_Manager' label='Lock Instructions Text' style=''&gt;&lt;div&gt;
&lt;p class="instructions"&gt;Enter the User ID that will hold the lock for this submission.&lt;/p&gt;
&lt;/div&gt;&lt;/div&gt; 
&lt;div class='questionLayer ' id='QLAYER_KS00505696003d8feWTwIB0UQAEz3k' label='User ID' title='' style=''&gt; 
&lt;div class='questionLabel' id='QLABEL_KS00505696003d8feWTwIB0UQAEz3k' label='User ID' style=''&gt;User ID 
&lt;/div&gt;
&lt;div class='questionAnswer' id='QANSWER_KS00505696003d8feWTwIB0UQAEz3k' label='User ID' style=''&gt;&lt;input type='text' id='SRVQSTN_KS00505696003d8feWTwIB0UQAEz3k' class='answerValue answerText'  name='SRVQSTN_KS00505696003d8feWTwIB0UQAEz3k' size='18' maxlength='' errorValue='' validationText=''  validationFormat='' transient=''/&gt; 
&lt;/div&gt; 
&lt;/div&gt; 
&lt;div class='dynamicText ' id='DYNAMIC_TEXT_KS00505696003dfVmVTwoGO0MwXg7j' title='' SOURCE_FORM='KS_SRV_Manager' label='Lock Control Button' style=''&gt;&lt;button id="bLock"&gt;Lock&lt;/button&gt;&lt;/div&gt; 
 
&lt;/div&gt;
&lt;div class='templateSection ' id='SECTION_KS00505696003dE_mWTwYAUyQA3UDk' label='SDR Section' style='overflow:hidden;'&gt; 
&lt;div class='dynamicText ' id='DYNAMIC_TEXT_KS00505696003dG_mWTwgMQ0QACUHk' title='' SOURCE_FORM='KS_SRV_Manager' label='SDR - Get Submission By KSR' style=''&gt;&lt;/div&gt; 
 
&lt;/div&gt;
&lt;div class='templateSection indent clear' id='SECTION_KS00505696003dpW-QTwYJdFHQj2Pg' label='Submission Lock Status Section' style='overflow:hidden;'&gt; 
&lt;div class='dynamicText ' id='DYNAMIC_TEXT_KS00505696003dtW-QTw0KhGHQuWPg' title='' SOURCE_FORM='KS_SRV_Manager' label='Submission Lock Status' style=''&gt;&lt;div id="lockResponseMsg" class="lockResponseMsg"&gt;&lt;/div&gt;&lt;/div&gt; 
 
&lt;/div&gt;
 
&lt;/div&gt;
</value></field_value><field_value id="700060521"/><field_value id="700001923"/><field_value id="600000300"/><field_value id="70000105"><value>overflow:hidden; </value></field_value><field_value id="700001239"/><field_value id="700000230"><value>KS00505696003d3m6QTwYPE2HQg2Lg</value></field_value><field_value id="700002239"/><field_value id="700002396"><value>PAGE: Initial Page</value></field_value><field_value id="179"><value>KS00505696003d3m6QTwYPE2HQg2Lg</value></field_value><field_value id="700007886"/><field_value id="700007885"/><field_value id="70006004"/><field_value id="70006003"/><field_value id="700073306"/><field_value id="700002320"/><field_value id="70006002"/><field_value id="700073305"/><field_value id="70006001"/><field_value id="70006000"/><field_value id="700073303"/><field_value id="700073302"/><field_value id="700073301"/><field_value id="700073300"/><field_value id="490000700"/><field_value id="700001080"><value>PAGE_KS00505696003d3m6QTwYPE2HQg2Lg</value></field_value><field_value id="700011300"/><field_value id="700000800"><value>KS00505696003dn26QTwoBw1HQW2Lg</value></field_value><field_value id="700065214"/><field_value id="700011200"/><field_value id="700073060"/><field_value id="700001212"/><field_value id="700002310"/><field_value id="700001211"><value>1</value></field_value><field_value id="700001210"/><field_value id="700009874"/><field_value id="600000043"/><field_value id="600000042"/><field_value id="700002409"/><field_value id="700002408"/><field_value id="700002407"/><field_value id="700002309"/><field_value id="700002308"/><field_value id="700001209"/><field_value id="700002307"><value>1</value></field_value><field_value id="700002400"/><field_value id="700002306"/><field_value id="536870915"/><field_value id="700002305"/><field_value id="700002304"/><field_value id="536870913"/><field_value id="710060521"/><field_value id="700073051"/><field_value id="700002303"><value>KS00505696003d3m6QTwYPE2HQg2Lg</value></field_value><field_value id="700001204"/><field_value id="710060520"/><field_value id="700073050"/><field_value id="700002302"/><field_value id="700001203"><value>Initial Page</value></field_value><field_value id="8"><value>na</value></field_value><field_value id="700002301"/><field_value id="700001202"><value>0</value></field_value><field_value id="7"><value>0</value></field_value><field_value id="700001201"/><field_value id="6"><value>1371081231</value></field_value><field_value id="700001200"/><field_value id="5"><value>Demo</value></field_value><field_value id="1002"><value>Initial Page</value></field_value><field_value id="4"/><field_value id="3"><value>1334883630</value></field_value><field_value id="2"><value>Demo</value></field_value><field_value id="70000098"/><field_value id="1"><value>000000000000126</value></field_value><field_value id="700001100"/><field_value id="70000095"/><field_value id="70000094"/><field_value id="600000098"/><field_value id="600000097"/><field_value id="700002002"/><field_value id="600000092"/><field_value id="600000091"/><field_value id="700002000"/><field_value id="600000090"/><field_value id="700060050"/><field_value id="700001259"/><field_value id="70000089"/><field_value id="70000088"/><field_value id="70000087"/><field_value id="70000086"/><field_value id="70000085"/><field_value id="70000083"/><field_value id="70000082"/><field_value id="70000081"/><field_value id="700001055"/><field_value id="70000080"/><field_value id="700001054"/><field_value id="700001053"><value>&lt;style type="text/css" title="pageStyles"&gt;
.lockResponseMsg{
padding:5px; 

border:2px solid #666; 
display:none; 
} 
div.responseOK{
background-color:#eeffee; 
display:block; 
} 
.clear{
clear:both; 
} 
.instructions{
font-weight: bold; 
} 
div.responseError{
background-color:#ffeeee; 
display:block; 
} 
.indent{
margin:10px; 
padding:5px; 
} 
.divided div.fullwidth, .divided div.fullwidth div{
float:none; 
width:99%; 
} 
.right{
float:right; 
} 
.divided div{
float:left; 
margin-right: 10px; 
} 
.boxed{
border: 1px solid #eee; 
} 
&lt;/style&gt;

 
&lt;script type="text/javascript"&gt;
function ks_actionsInit(){
clientManager.addAction(new KD.utils.ClientAction({elementId:'KS00505696003dE2-QTwMEBAHQBmPg', jsEvent:'change', source:'', action:KD.utils.Action._setInternalFieldValues, ifExpr:'', actionId:'', synchronous:false, timeout:0, params:[[],'{"SetFields":[{"KS00505696003dWZ2RTwINRfJA7yrh":{"KS00505696003dWZ2RTwINRfJA7yrh":"$\NULL$","visible":"Yes","sort_order":"1","table_label":"","fire":"false"}}]}']})); 
clientManager.addAction(new KD.utils.ClientAction({elementId:'KS00505696003dWZ2RTwINRfJA7yrh', jsEvent:'change', source:'', action:KD.utils.Action._setInternalFieldValues, ifExpr:'', actionId:'', synchronous:false, timeout:0, params:[[],'{"SetFields":[{"KS00505696003dE2-QTwMEBAHQBmPg":{"KS00505696003dE2-QTwMEBAHQBmPg":"$\NULL$","visible":"Yes","sort_order":"1","table_label":"","fire":"false"}}]}']})); 
KD.utils.Action._customAction(window, new KD.utils.ClientAction({elementId:'KS00505696003d3m6QTwYPE2HQg2Lg', jsEvent:'load', source:'', action:KD.utils.Action._customAction, ifExpr:'', actionId:'', synchronous:false, timeout:0, params:["/* cleans up question elements for HTML5 compatibility */ KD.utils.Util.removeBlankRequiredAttributes();"]})); 
clientManager.addAction(new KD.utils.ClientAction({elementId:'KS00505696003d0PeWTwYPUKQAxzzk', jsEvent:'click', source:'', action:KD.utils.Action._customAction, ifExpr:'obj.id === "bStatus" || obj.id === "bUnlock"', actionId:'ID00505696003dafmWTw0Pg3QAlkHk', synchronous:false, timeout:0, params:["var ksr = KD.utils.Util.trimString(KD.utils.Util.getQuestionValue('KSR ID')); if (ksr.length &gt; 0) {     var params = 'ksr='+ksr;     var c = new KD.utils.Callback(getAndCallSubmissionId, getAndCallSubmissionId, clientAction);     KD.utils.Action.makeAsyncRequest('getSubmissionId', clientAction.actionId, c, params, '', true); } else {     var id = KD.utils.Util.trimString(KD.utils.Util.getQuestionValue('Submission ID'));     makeSubmissionLockCall(obj, id); }"]})); 
clientManager.addAction(new KD.utils.ClientAction({elementId:'KS00505696003dfVmVTwoGO0MwXg7j', jsEvent:'click', source:'', action:KD.utils.Action._customAction, ifExpr:'obj.id === "bLock"', actionId:'ID00505696003dafmWTw0Pg3QAlkHk', synchronous:false, timeout:0, params:["var ksr = KD.utils.Util.trimString(KD.utils.Util.getQuestionValue('KSR ID')); if (ksr.length &gt; 0) {     var params = 'ksr='+ksr;     var c = new KD.utils.Callback(getAndCallSubmissionId, getAndCallSubmissionId, clientAction);     KD.utils.Action.makeAsyncRequest('getSubmissionId', clientAction.actionId, c, params, '', true); } else {     var id = KD.utils.Util.trimString(KD.utils.Util.getQuestionValue('Submission ID'));     makeSubmissionLockCall(obj, id); }"]})); 
clientManager.addAction(new KD.utils.ClientAction({elementId:'KS00505696003dG_mWTwgMQ0QACUHk', jsEvent:'*custom*', source:'', action:KD.utils.Action._customAction, ifExpr:'', actionId:'ID00505696003dafmWTw0Pg3QAlkHk', synchronous:false, timeout:0, params:''})); 
 
}
&lt;/script&gt;
</value></field_value><field_value id="700008000"><value>0</value></field_value><field_value id="700001051"/></entry><entry id="000000000000127"><field_value id="600000310"/><field_value id="770006505"/><field_value id="700001048"/><field_value id="700001046"/><field_value id="700001045"/><field_value id="700001044"/><field_value id="700001043"/><field_value id="700073220"><value>Horizontal</value></field_value><field_value id="700060522"/><field_value id="700001690"><value>&lt;div class='templateSection indent' id='SECTION_KS00505696003d88CRTwQF-4JQSV7h' label='Top Section' style='overflow:hidden;'&gt;</value></field_value><field_value id="700060521"/><field_value id="700001923"/><field_value id="600000300"/><field_value id="70000105"/><field_value id="700001239"/><field_value id="700000230"><value>KS00505696003d88CRTwQF-4JQSV7h</value></field_value><field_value id="700002239"/><field_value id="700002396"><value>    SECTION: Top Section</value></field_value><field_value id="179"><value>KS00505696003d88CRTwQF-4JQSV7h</value></field_value><field_value id="700007886"/><field_value id="700007885"/><field_value id="70006004"/><field_value id="70006003"/><field_value id="700073306"/><field_value id="700002320"/><field_value id="70006002"/><field_value id="700073305"/><field_value id="70006001"/><field_value id="70006000"/><field_value id="700073303"/><field_value id="700073302"/><field_value id="700073301"/><field_value id="700073300"/><field_value id="490000700"/><field_value id="700001080"><value>SECTION_KS00505696003d88CRTwQF-4JQSV7h</value></field_value><field_value id="700011300"/><field_value id="700000800"><value>KS00505696003dn26QTwoBw1HQW2Lg</value></field_value><field_value id="700065214"/><field_value id="700011200"/><field_value id="700073060"/><field_value id="700001212"/><field_value id="700002310"/><field_value id="700001211"><value>2</value></field_value><field_value id="700001210"/><field_value id="700009874"/><field_value id="600000043"/><field_value id="600000042"/><field_value id="700002409"/><field_value id="700002408"/><field_value id="700002407"/><field_value id="700002309"/><field_value id="700002308"/><field_value id="700001209"/><field_value id="700002307"/><field_value id="700002400"/><field_value id="700002306"/><field_value id="536870915"/><field_value id="700002305"/><field_value id="700002304"/><field_value id="536870913"/><field_value id="710060521"/><field_value id="700073051"/><field_value id="700002303"><value>KS00505696003d3m6QTwYPE2HQg2Lg</value></field_value><field_value id="700001204"><value>Top Section</value></field_value><field_value id="710060520"/><field_value id="700073050"/><field_value id="700002302"/><field_value id="700001203"/><field_value id="8"><value>na</value></field_value><field_value id="700002301"/><field_value id="700001202"><value>1</value></field_value><field_value id="7"><value>0</value></field_value><field_value id="700001201"/><field_value id="6"><value>1340999129</value></field_value><field_value id="700001200"/><field_value id="5"><value>Demo</value></field_value><field_value id="1002"><value>Top Section</value></field_value><field_value id="4"/><field_value id="3"><value>1334970188</value></field_value><field_value id="2"><value>Demo</value></field_value><field_value id="70000098"/><field_value id="1"><value>000000000000127</value></field_value><field_value id="700001100"/><field_value id="70000095"/><field_value id="70000094"/><field_value id="600000098"/><field_value id="600000097"/><field_value id="700002002"/><field_value id="600000092"/><field_value id="600000091"/><field_value id="700002000"/><field_value id="600000090"/><field_value id="700060050"><value> indent </value></field_value><field_value id="700001259"/><field_value id="70000089"/><field_value id="70000088"/><field_value id="70000087"/><field_value id="70000086"/><field_value id="70000085"/><field_value id="70000083"/><field_value id="70000082"/><field_value id="70000081"/><field_value id="700001055"/><field_value id="70000080"/><field_value id="700001054"/><field_value id="700001053"/><field_value id="700008000"><value>0</value></field_value><field_value id="700001051"/></entry><entry id="000000000000128"><field_value id="600000310"/><field_value id="770006505"/><field_value id="700001048"><value>&lt;div class="right"&gt;&lt;a href="KSAuthenticationServlet?Logout=true"&gt;Logout&lt;/a&gt;&lt;/div&gt;</value></field_value><field_value id="700001046"/><field_value id="700001045"/><field_value id="700001044"/><field_value id="700001043"/><field_value id="700073220"><value>Horizontal</value></field_value><field_value id="700060522"/><field_value id="700001690"><value>&lt;div class='dynamicText ' id='DYNAMIC_TEXT_KS00505696003dAcGRTwoLq7JQf17h' title='' SOURCE_FORM='KS_SRV_Manager' label='Top Text' style=''&gt;&lt;div class="right"&gt;&lt;a href="KSAuthenticationServlet?Logout=true"&gt;Logout&lt;/a&gt;&lt;/div&gt;&lt;/div&gt;</value></field_value><field_value id="700060521"/><field_value id="700001923"/><field_value id="600000300"><value>KS_SRV_Manager</value></field_value><field_value id="70000105"/><field_value id="700001239"/><field_value id="700000230"><value>KS00505696003dAcGRTwoLq7JQf17h</value></field_value><field_value id="700002239"/><field_value id="700002396"><value>         TEXT: Top Text</value></field_value><field_value id="179"><value>KS00505696003dAcGRTwoLq7JQf17h</value></field_value><field_value id="700007886"/><field_value id="700007885"/><field_value id="70006004"/><field_value id="70006003"/><field_value id="700073306"/><field_value id="700002320"/><field_value id="70006002"/><field_value id="700073305"/><field_value id="70006001"/><field_value id="70006000"/><field_value id="700073303"/><field_value id="700073302"/><field_value id="700073301"/><field_value id="700073300"/><field_value id="490000700"/><field_value id="700001080"><value>DYNAMIC_TEXT_KS00505696003dAcGRTwoLq7JQf17h</value></field_value><field_value id="700011300"/><field_value id="700000800"><value>KS00505696003dn26QTwoBw1HQW2Lg</value></field_value><field_value id="700065214"/><field_value id="700011200"/><field_value id="700073060"/><field_value id="700001212"/><field_value id="700002310"/><field_value id="700001211"><value>3</value></field_value><field_value id="700001210"/><field_value id="700009874"/><field_value id="600000043"/><field_value id="600000042"/><field_value id="700002409"/><field_value id="700002408"/><field_value id="700002407"/><field_value id="700002309"/><field_value id="700002308"/><field_value id="700001209"/><field_value id="700002307"/><field_value id="700002400"/><field_value id="700002306"/><field_value id="536870915"/><field_value id="700002305"/><field_value id="700002304"/><field_value id="536870913"/><field_value id="710060521"/><field_value id="700073051"/><field_value id="700002303"><value>KS00505696003d3m6QTwYPE2HQg2Lg</value></field_value><field_value id="700001204"/><field_value id="710060520"/><field_value id="700073050"/><field_value id="700002302"/><field_value id="700001203"/><field_value id="8"><value>na</value></field_value><field_value id="700002301"/><field_value id="700001202"><value>6</value></field_value><field_value id="7"><value>0</value></field_value><field_value id="700001201"/><field_value id="6"><value>1335313308</value></field_value><field_value id="700001200"/><field_value id="5"><value>Demo</value></field_value><field_value id="1002"><value>Top Text</value></field_value><field_value id="4"/><field_value id="3"><value>1334970240</value></field_value><field_value id="2"><value>Demo</value></field_value><field_value id="70000098"/><field_value id="1"><value>000000000000128</value></field_value><field_value id="700001100"/><field_value id="70000095"/><field_value id="70000094"/><field_value id="600000098"/><field_value id="600000097"/><field_value id="700002002"/><field_value id="600000092"/><field_value id="600000091"/><field_value id="700002000"/><field_value id="600000090"/><field_value id="700060050"/><field_value id="700001259"/><field_value id="70000089"/><field_value id="70000088"/><field_value id="70000087"/><field_value id="70000086"/><field_value id="70000085"/><field_value id="70000083"/><field_value id="70000082"/><field_value id="70000081"/><field_value id="700001055"/><field_value id="70000080"/><field_value id="700001054"/><field_value id="700001053"/><field_value id="700008000"><value>0</value></field_value><field_value id="700001051"><value>Top Text</value></field_value></entry><entry id="000000000000129"><field_value id="600000310"/><field_value id="770006505"/><field_value id="700001048"/><field_value id="700001046"/><field_value id="700001045"/><field_value id="700001044"/><field_value id="700001043"/><field_value id="700073220"><value>Horizontal</value></field_value><field_value id="700060522"/><field_value id="700001690"><value>&lt;div class='templateSection indent boxed clear' id='SECTION_KS00505696003duHCQTwwAlaHQoWbg' label='Info Section' style='overflow:hidden;'&gt;</value></field_value><field_value id="700060521"/><field_value id="700001923"/><field_value id="600000300"/><field_value id="70000105"/><field_value id="700001239"/><field_value id="700000230"><value>KS00505696003duHCQTwwAlaHQoWbg</value></field_value><field_value id="700002239"/><field_value id="700002396"><value>    SECTION: Info Section</value></field_value><field_value id="179"><value>KS00505696003duHCQTwwAlaHQoWbg</value></field_value><field_value id="700007886"/><field_value id="700007885"/><field_value id="70006004"/><field_value id="70006003"/><field_value id="700073306"/><field_value id="700002320"/><field_value id="70006002"/><field_value id="700073305"/><field_value id="70006001"/><field_value id="70006000"/><field_value id="700073303"/><field_value id="700073302"/><field_value id="700073301"/><field_value id="700073300"/><field_value id="490000700"/><field_value id="700001080"><value>SECTION_KS00505696003duHCQTwwAlaHQoWbg</value></field_value><field_value id="700011300"/><field_value id="700000800"><value>KS00505696003dn26QTwoBw1HQW2Lg</value></field_value><field_value id="700065214"/><field_value id="700011200"/><field_value id="700073060"/><field_value id="700001212"/><field_value id="700002310"/><field_value id="700001211"><value>4</value></field_value><field_value id="700001210"/><field_value id="700009874"/><field_value id="600000043"/><field_value id="600000042"/><field_value id="700002409"/><field_value id="700002408"/><field_value id="700002407"/><field_value id="700002309"/><field_value id="700002308"/><field_value id="700001209"/><field_value id="700002307"/><field_value id="700002400"/><field_value id="700002306"/><field_value id="536870915"/><field_value id="700002305"/><field_value id="700002304"/><field_value id="536870913"/><field_value id="710060521"/><field_value id="700073051"/><field_value id="700002303"><value>KS00505696003d3m6QTwYPE2HQg2Lg</value></field_value><field_value id="700001204"><value>Info Section</value></field_value><field_value id="710060520"/><field_value id="700073050"/><field_value id="700002302"/><field_value id="700001203"/><field_value id="8"><value>na</value></field_value><field_value id="700002301"/><field_value id="700001202"><value>1</value></field_value><field_value id="7"><value>0</value></field_value><field_value id="700001201"/><field_value id="6"><value>1340999129</value></field_value><field_value id="700001200"/><field_value id="5"><value>Demo</value></field_value><field_value id="1002"><value>Info Section</value></field_value><field_value id="4"/><field_value id="3"><value>1334884111</value></field_value><field_value id="2"><value>Demo</value></field_value><field_value id="70000098"/><field_value id="1"><value>000000000000129</value></field_value><field_value id="700001100"/><field_value id="70000095"/><field_value id="70000094"/><field_value id="600000098"/><field_value id="600000097"/><field_value id="700002002"/><field_value id="600000092"/><field_value id="600000091"/><field_value id="700002000"/><field_value id="600000090"/><field_value id="700060050"><value> indent boxed clear </value></field_value><field_value id="700001259"/><field_value id="70000089"/><field_value id="70000088"/><field_value id="70000087"/><field_value id="70000086"/><field_value id="70000085"/><field_value id="70000083"/><field_value id="70000082"/><field_value id="70000081"/><field_value id="700001055"/><field_value id="70000080"/><field_value id="700001054"/><field_value id="700001053"/><field_value id="700008000"><value>0</value></field_value><field_value id="700001051"/></entry><entry id="000000000000130"><field_value id="600000310"/><field_value id="770006505"/><field_value id="700001048"><value>&lt;h3&gt;Submission Lock Manager&lt;/h3&gt;
&lt;p&gt;This form provides controls to check the lock status of a submission, and to lock or unlock a submission.&lt;/p&gt;</value></field_value><field_value id="700001046"/><field_value id="700001045"/><field_value id="700001044"/><field_value id="700001043"/><field_value id="700073220"><value>Horizontal</value></field_value><field_value id="700060522"/><field_value id="700001690"><value>&lt;div class='dynamicText ' id='DYNAMIC_TEXT_KS00505696003d9G-QTwQJxMHQeWTg' title='' SOURCE_FORM='KS_SRV_Manager' label='Info Text' style=''&gt;&lt;h3&gt;Submission Lock Manager&lt;/h3&gt;
&lt;p&gt;This form provides controls to check the lock status of a submission, and to lock or unlock a submission.&lt;/p&gt;&lt;/div&gt;</value></field_value><field_value id="700060521"/><field_value id="700001923"/><field_value id="600000300"><value>KS_SRV_Manager</value></field_value><field_value id="70000105"/><field_value id="700001239"/><field_value id="700000230"><value>KS00505696003d9G-QTwQJxMHQeWTg</value></field_value><field_value id="700002239"/><field_value id="700002396"><value>         TEXT: Info Text</value></field_value><field_value id="179"><value>KS00505696003d9G-QTwQJxMHQeWTg</value></field_value><field_value id="700007886"/><field_value id="700007885"/><field_value id="70006004"/><field_value id="70006003"/><field_value id="700073306"/><field_value id="700002320"/><field_value id="70006002"/><field_value id="700073305"/><field_value id="70006001"/><field_value id="70006000"/><field_value id="700073303"/><field_value id="700073302"/><field_value id="700073301"/><field_value id="700073300"/><field_value id="490000700"/><field_value id="700001080"><value>DYNAMIC_TEXT_KS00505696003d9G-QTwQJxMHQeWTg</value></field_value><field_value id="700011300"/><field_value id="700000800"><value>KS00505696003dn26QTwoBw1HQW2Lg</value></field_value><field_value id="700065214"/><field_value id="700011200"/><field_value id="700073060"/><field_value id="700001212"/><field_value id="700002310"/><field_value id="700001211"><value>5</value></field_value><field_value id="700001210"/><field_value id="700009874"/><field_value id="600000043"/><field_value id="600000042"/><field_value id="700002409"/><field_value id="700002408"/><field_value id="700002407"/><field_value id="700002309"/><field_value id="700002308"/><field_value id="700001209"/><field_value id="700002307"/><field_value id="700002400"/><field_value id="700002306"/><field_value id="536870915"/><field_value id="700002305"/><field_value id="700002304"/><field_value id="536870913"/><field_value id="710060521"/><field_value id="700073051"/><field_value id="700002303"><value>KS00505696003d3m6QTwYPE2HQg2Lg</value></field_value><field_value id="700001204"/><field_value id="710060520"/><field_value id="700073050"/><field_value id="700002302"/><field_value id="700001203"/><field_value id="8"><value>na</value></field_value><field_value id="700002301"/><field_value id="700001202"><value>6</value></field_value><field_value id="7"><value>0</value></field_value><field_value id="700001201"/><field_value id="6"><value>1335313308</value></field_value><field_value id="700001200"/><field_value id="5"><value>Demo</value></field_value><field_value id="1002"><value>Info Text</value></field_value><field_value id="4"/><field_value id="3"><value>1334883931</value></field_value><field_value id="2"><value>Demo</value></field_value><field_value id="70000098"/><field_value id="1"><value>000000000000130</value></field_value><field_value id="700001100"/><field_value id="70000095"/><field_value id="70000094"/><field_value id="600000098"/><field_value id="600000097"/><field_value id="700002002"/><field_value id="600000092"/><field_value id="600000091"/><field_value id="700002000"/><field_value id="600000090"/><field_value id="700060050"/><field_value id="700001259"/><field_value id="70000089"/><field_value id="70000088"/><field_value id="70000087"/><field_value id="70000086"/><field_value id="70000085"/><field_value id="70000083"/><field_value id="70000082"/><field_value id="70000081"/><field_value id="700001055"/><field_value id="70000080"/><field_value id="700001054"/><field_value id="700001053"/><field_value id="700008000"><value>0</value></field_value><field_value id="700001051"><value>Info Text</value></field_value></entry><entry id="000000000000131"><field_value id="600000310"/><field_value id="770006505"/><field_value id="700001048"/><field_value id="700001046"/><field_value id="700001045"/><field_value id="700001044"/><field_value id="700001043"/><field_value id="700073220"><value>Horizontal</value></field_value><field_value id="700060522"/><field_value id="700001690"><value>&lt;div class='templateSection indent boxed divided clear' id='SECTION_KS00505696003d6m6QTwQIU7HQqWLg' label='Submission Section' style='overflow:hidden;'&gt;</value></field_value><field_value id="700060521"/><field_value id="700001923"/><field_value id="600000300"/><field_value id="70000105"/><field_value id="700001239"/><field_value id="700000230"><value>KS00505696003d6m6QTwQIU7HQqWLg</value></field_value><field_value id="700002239"/><field_value id="700002396"><value>    SECTION: Submission Section</value></field_value><field_value id="179"><value>KS00505696003d6m6QTwQIU7HQqWLg</value></field_value><field_value id="700007886"/><field_value id="700007885"/><field_value id="70006004"/><field_value id="70006003"/><field_value id="700073306"/><field_value id="700002320"/><field_value id="70006002"/><field_value id="700073305"/><field_value id="70006001"/><field_value id="70006000"/><field_value id="700073303"/><field_value id="700073302"/><field_value id="700073301"/><field_value id="700073300"/><field_value id="490000700"/><field_value id="700001080"><value>SECTION_KS00505696003d6m6QTwQIU7HQqWLg</value></field_value><field_value id="700011300"/><field_value id="700000800"><value>KS00505696003dn26QTwoBw1HQW2Lg</value></field_value><field_value id="700065214"/><field_value id="700011200"/><field_value id="700073060"/><field_value id="700001212"/><field_value id="700002310"/><field_value id="700001211"><value>6</value></field_value><field_value id="700001210"/><field_value id="700009874"/><field_value id="600000043"/><field_value id="600000042"/><field_value id="700002409"/><field_value id="700002408"/><field_value id="700002407"/><field_value id="700002309"/><field_value id="700002308"/><field_value id="700001209"/><field_value id="700002307"/><field_value id="700002400"/><field_value id="700002306"/><field_value id="536870915"/><field_value id="700002305"/><field_value id="700002304"/><field_value id="536870913"/><field_value id="710060521"/><field_value id="700073051"/><field_value id="700002303"><value>KS00505696003d3m6QTwYPE2HQg2Lg</value></field_value><field_value id="700001204"><value>Submission Section</value></field_value><field_value id="710060520"/><field_value id="700073050"/><field_value id="700002302"/><field_value id="700001203"/><field_value id="8"><value>na</value></field_value><field_value id="700002301"/><field_value id="700001202"><value>1</value></field_value><field_value id="7"><value>0</value></field_value><field_value id="700001201"/><field_value id="6"><value>1340999129</value></field_value><field_value id="700001200"/><field_value id="5"><value>Demo</value></field_value><field_value id="1002"><value>Submission Section</value></field_value><field_value id="4"/><field_value id="3"><value>1334883667</value></field_value><field_value id="2"><value>Demo</value></field_value><field_value id="70000098"/><field_value id="1"><value>000000000000131</value></field_value><field_value id="700001100"/><field_value id="70000095"/><field_value id="70000094"/><field_value id="600000098"/><field_value id="600000097"/><field_value id="700002002"/><field_value id="600000092"/><field_value id="600000091"/><field_value id="700002000"/><field_value id="600000090"/><field_value id="700060050"><value> indent boxed divided clear </value></field_value><field_value id="700001259"/><field_value id="70000089"/><field_value id="70000088"/><field_value id="70000087"/><field_value id="70000086"/><field_value id="70000085"/><field_value id="70000083"/><field_value id="70000082"/><field_value id="70000081"/><field_value id="700001055"/><field_value id="70000080"/><field_value id="700001054"/><field_value id="700001053"/><field_value id="700008000"><value>0</value></field_value><field_value id="700001051"/></entry><entry id="000000000000132"><field_value id="600000310"/><field_value id="770006505"/><field_value id="700001048"><value>&lt;div&gt;
&lt;p class="instructions"&gt;Enter either a KSR ID or a Submission ID.&lt;/p&gt;
&lt;/div&gt;</value></field_value><field_value id="700001046"/><field_value id="700001045"/><field_value id="700001044"/><field_value id="700001043"/><field_value id="700073220"><value>Horizontal</value></field_value><field_value id="700060522"/><field_value id="700001690"><value>&lt;div class='dynamicText fullwidth' id='DYNAMIC_TEXT_KS00505696003d2p2RTwQKpzJA6Szh' title='' SOURCE_FORM='KS_SRV_Manager' label='Check Status Instructions Text' style=''&gt;&lt;div&gt;
&lt;p class="instructions"&gt;Enter either a KSR ID or a Submission ID.&lt;/p&gt;
&lt;/div&gt;&lt;/div&gt;</value></field_value><field_value id="700060521"/><field_value id="700001923"/><field_value id="600000300"><value>KS_SRV_Manager</value></field_value><field_value id="70000105"/><field_value id="700001239"/><field_value id="700000230"><value>KS00505696003d2p2RTwQKpzJA6Szh</value></field_value><field_value id="700002239"/><field_value id="700002396"><value>         TEXT: Check Status Instructions Text</value></field_value><field_value id="179"><value>KS00505696003d2p2RTwQKpzJA6Szh</value></field_value><field_value id="700007886"/><field_value id="700007885"/><field_value id="70006004"/><field_value id="70006003"/><field_value id="700073306"/><field_value id="700002320"/><field_value id="70006002"/><field_value id="700073305"/><field_value id="70006001"/><field_value id="70006000"/><field_value id="700073303"/><field_value id="700073302"/><field_value id="700073301"/><field_value id="700073300"/><field_value id="490000700"/><field_value id="700001080"><value>DYNAMIC_TEXT_KS00505696003d2p2RTwQKpzJA6Szh</value></field_value><field_value id="700011300"/><field_value id="700000800"><value>KS00505696003dn26QTwoBw1HQW2Lg</value></field_value><field_value id="700065214"/><field_value id="700011200"/><field_value id="700073060"/><field_value id="700001212"/><field_value id="700002310"/><field_value id="700001211"><value>7</value></field_value><field_value id="700001210"/><field_value id="700009874"/><field_value id="600000043"/><field_value id="600000042"/><field_value id="700002409"/><field_value id="700002408"/><field_value id="700002407"/><field_value id="700002309"/><field_value id="700002308"/><field_value id="700001209"/><field_value id="700002307"/><field_value id="700002400"/><field_value id="700002306"/><field_value id="536870915"/><field_value id="700002305"/><field_value id="700002304"/><field_value id="536870913"/><field_value id="710060521"/><field_value id="700073051"/><field_value id="700002303"><value>KS00505696003d3m6QTwYPE2HQg2Lg</value></field_value><field_value id="700001204"/><field_value id="710060520"/><field_value id="700073050"/><field_value id="700002302"/><field_value id="700001203"/><field_value id="8"><value>na</value></field_value><field_value id="700002301"/><field_value id="700001202"><value>6</value></field_value><field_value id="7"><value>0</value></field_value><field_value id="700001201"/><field_value id="6"><value>1340999129</value></field_value><field_value id="700001200"/><field_value id="5"><value>Demo</value></field_value><field_value id="1002"><value>Check Status Instructions Text</value></field_value><field_value id="4"/><field_value id="3"><value>1334961267</value></field_value><field_value id="2"><value>Demo</value></field_value><field_value id="70000098"/><field_value id="1"><value>000000000000132</value></field_value><field_value id="700001100"/><field_value id="70000095"/><field_value id="70000094"/><field_value id="600000098"/><field_value id="600000097"/><field_value id="700002002"/><field_value id="600000092"/><field_value id="600000091"/><field_value id="700002000"/><field_value id="600000090"/><field_value id="700060050"><value> fullwidth </value></field_value><field_value id="700001259"/><field_value id="70000089"/><field_value id="70000088"/><field_value id="70000087"/><field_value id="70000086"/><field_value id="70000085"/><field_value id="70000083"/><field_value id="70000082"/><field_value id="70000081"/><field_value id="700001055"/><field_value id="70000080"/><field_value id="700001054"/><field_value id="700001053"/><field_value id="700008000"><value>0</value></field_value><field_value id="700001051"><value>Check Status Instructions Text</value></field_value></entry><entry id="000000000000133"><field_value id="600000310"/><field_value id="770006505"/><field_value id="700001048"/><field_value id="700001046"/><field_value id="700001045"/><field_value id="700001044"/><field_value id="700001043"/><field_value id="700073220"><value>Horizontal</value></field_value><field_value id="700060522"/><field_value id="700001690"><value>&lt;div class='questionLayer ' id='QLAYER_KS00505696003dWZ2RTwINRfJA7yrh' label='KSR ID' title='' style=''&gt; 
&lt;div class='questionLabel' id='QLABEL_KS00505696003dWZ2RTwINRfJA7yrh' label='KSR ID' style=''&gt;KSR ID 
&lt;/div&gt;
&lt;div class='questionAnswer' id='QANSWER_KS00505696003dWZ2RTwINRfJA7yrh' label='KSR ID' style=''&gt;&lt;input type='text' id='SRVQSTN_KS00505696003dWZ2RTwINRfJA7yrh' class='answerValue answerText'  name='SRVQSTN_KS00505696003dWZ2RTwINRfJA7yrh' size='18' maxlength='' errorValue='' validationText=''  validationFormat='' transient='transient'/&gt; 
&lt;/div&gt; 
&lt;/div&gt;</value></field_value><field_value id="700060521"/><field_value id="700001923"/><field_value id="600000300"/><field_value id="70000105"/><field_value id="700001239"/><field_value id="700000230"><value>KS00505696003dWZ2RTwINRfJA7yrh</value></field_value><field_value id="700002239"/><field_value id="700002396"><value>      QUESTION: KSR ID</value></field_value><field_value id="179"><value>KS00505696003dWZ2RTwMPtfJA9Crh</value></field_value><field_value id="700007886"/><field_value id="700007885"/><field_value id="70006004"/><field_value id="70006003"/><field_value id="700073306"/><field_value id="700002320"/><field_value id="70006002"/><field_value id="700073305"/><field_value id="70006001"/><field_value id="70006000"/><field_value id="700073303"/><field_value id="700073302"/><field_value id="700073301"/><field_value id="700073300"/><field_value id="490000700"/><field_value id="700001080"><value>QLAYER_KS00505696003dWZ2RTwINRfJA7yrh</value></field_value><field_value id="700011300"/><field_value id="700000800"><value>KS00505696003dn26QTwoBw1HQW2Lg</value></field_value><field_value id="700065214"/><field_value id="700011200"/><field_value id="700073060"/><field_value id="700001212"/><field_value id="700002310"/><field_value id="700001211"><value>8</value></field_value><field_value id="700001210"/><field_value id="700009874"/><field_value id="600000043"/><field_value id="600000042"/><field_value id="700002409"/><field_value id="700002408"/><field_value id="700002407"/><field_value id="700002309"/><field_value id="700002308"/><field_value id="700001209"/><field_value id="700002307"/><field_value id="700002400"/><field_value id="700002306"/><field_value id="536870915"/><field_value id="700002305"/><field_value id="700002304"/><field_value id="536870913"/><field_value id="710060521"/><field_value id="700073051"/><field_value id="700002303"><value>KS00505696003d3m6QTwYPE2HQg2Lg</value></field_value><field_value id="700001204"/><field_value id="710060520"/><field_value id="700073050"/><field_value id="700002302"/><field_value id="700001203"/><field_value id="8"><value>na</value></field_value><field_value id="700002301"/><field_value id="700001202"><value>2</value></field_value><field_value id="7"><value>0</value></field_value><field_value id="700001201"/><field_value id="6"><value>1354834338</value></field_value><field_value id="700001200"/><field_value id="5"><value>Demo</value></field_value><field_value id="1002"><value>KSR ID</value></field_value><field_value id="4"/><field_value id="3"><value>1334961075</value></field_value><field_value id="2"><value>Demo</value></field_value><field_value id="70000098"/><field_value id="1"><value>000000000000133</value></field_value><field_value id="700001100"/><field_value id="70000095"/><field_value id="70000094"/><field_value id="600000098"/><field_value id="600000097"/><field_value id="700002002"/><field_value id="600000092"/><field_value id="600000091"/><field_value id="700002000"/><field_value id="600000090"/><field_value id="700060050"/><field_value id="700001259"/><field_value id="70000089"/><field_value id="70000088"/><field_value id="70000087"/><field_value id="70000086"/><field_value id="70000085"/><field_value id="70000083"/><field_value id="70000082"/><field_value id="70000081"/><field_value id="700001055"/><field_value id="70000080"/><field_value id="700001054"/><field_value id="700001053"/><field_value id="700008000"><value>0</value></field_value><field_value id="700001051"/></entry><entry id="000000000000134"><field_value id="600000310"/><field_value id="770006505"/><field_value id="700001048"/><field_value id="700001046"/><field_value id="700001045"/><field_value id="700001044"/><field_value id="700001043"/><field_value id="700073220"><value>Horizontal</value></field_value><field_value id="700060522"/><field_value id="700001690"><value>&lt;div class='questionLayer ' id='QLAYER_KS00505696003dE2-QTwMEBAHQBmPg' label='Submission ID' title='' style=''&gt; 
&lt;div class='questionLabel' id='QLABEL_KS00505696003dE2-QTwMEBAHQBmPg' label='Submission ID' style=''&gt;Submission ID 
&lt;/div&gt;
&lt;div class='questionAnswer' id='QANSWER_KS00505696003dE2-QTwMEBAHQBmPg' label='Submission ID' style=''&gt;&lt;input type='text' id='SRVQSTN_KS00505696003dE2-QTwMEBAHQBmPg' class='answerValue answerText'  name='SRVQSTN_KS00505696003dE2-QTwMEBAHQBmPg' size='40' maxlength='' errorValue='' validationText=''  validationFormat='' transient=''/&gt; 
&lt;/div&gt; 
&lt;/div&gt;</value></field_value><field_value id="700060521"/><field_value id="700001923"/><field_value id="600000300"/><field_value id="70000105"/><field_value id="700001239"/><field_value id="700000230"><value>KS00505696003dE2-QTwMEBAHQBmPg</value></field_value><field_value id="700002239"/><field_value id="700002396"><value>      QUESTION: Submission ID</value></field_value><field_value id="179"><value>KS00505696003dE2-QTwMEBAHQC2Pg</value></field_value><field_value id="700007886"/><field_value id="700007885"/><field_value id="70006004"/><field_value id="70006003"/><field_value id="700073306"/><field_value id="700002320"/><field_value id="70006002"/><field_value id="700073305"/><field_value id="70006001"/><field_value id="70006000"/><field_value id="700073303"/><field_value id="700073302"/><field_value id="700073301"/><field_value id="700073300"/><field_value id="490000700"/><field_value id="700001080"><value>QLAYER_KS00505696003dE2-QTwMEBAHQBmPg</value></field_value><field_value id="700011300"/><field_value id="700000800"><value>KS00505696003dn26QTwoBw1HQW2Lg</value></field_value><field_value id="700065214"/><field_value id="700011200"/><field_value id="700073060"/><field_value id="700001212"/><field_value id="700002310"/><field_value id="700001211"><value>9</value></field_value><field_value id="700001210"/><field_value id="700009874"/><field_value id="600000043"/><field_value id="600000042"/><field_value id="700002409"/><field_value id="700002408"/><field_value id="700002407"/><field_value id="700002309"/><field_value id="700002308"/><field_value id="700001209"/><field_value id="700002307"/><field_value id="700002400"/><field_value id="700002306"/><field_value id="536870915"/><field_value id="700002305"/><field_value id="700002304"/><field_value id="536870913"/><field_value id="710060521"/><field_value id="700073051"/><field_value id="700002303"><value>KS00505696003d3m6QTwYPE2HQg2Lg</value></field_value><field_value id="700001204"/><field_value id="710060520"/><field_value id="700073050"/><field_value id="700002302"/><field_value id="700001203"/><field_value id="8"><value>na</value></field_value><field_value id="700002301"/><field_value id="700001202"><value>2</value></field_value><field_value id="7"><value>0</value></field_value><field_value id="700001201"/><field_value id="6"><value>1354834338</value></field_value><field_value id="700001200"/><field_value id="5"><value>Demo</value></field_value><field_value id="1002"><value>Submission ID</value></field_value><field_value id="4"/><field_value id="3"><value>1334883799</value></field_value><field_value id="2"><value>Demo</value></field_value><field_value id="70000098"/><field_value id="1"><value>000000000000134</value></field_value><field_value id="700001100"/><field_value id="70000095"/><field_value id="70000094"/><field_value id="600000098"/><field_value id="600000097"/><field_value id="700002002"/><field_value id="600000092"/><field_value id="600000091"/><field_value id="700002000"/><field_value id="600000090"/><field_value id="700060050"/><field_value id="700001259"/><field_value id="70000089"/><field_value id="70000088"/><field_value id="70000087"/><field_value id="70000086"/><field_value id="70000085"/><field_value id="70000083"/><field_value id="70000082"/><field_value id="70000081"/><field_value id="700001055"/><field_value id="70000080"/><field_value id="700001054"/><field_value id="700001053"/><field_value id="700008000"><value>0</value></field_value><field_value id="700001051"/></entry><entry id="000000000000135"><field_value id="600000310"/><field_value id="770006505"/><field_value id="700001048"><value>&lt;button id="bStatus"&gt;Check Status&lt;/button&gt;
&lt;button id="bUnlock"&gt;Unlock&lt;/button&gt;</value></field_value><field_value id="700001046"><value>KS00505696003dp1eVTwoK1-Mw3Ajj</value></field_value><field_value id="700001045"/><field_value id="700001044"/><field_value id="700001043"/><field_value id="700073220"><value>Horizontal</value></field_value><field_value id="700060522"/><field_value id="700001690"><value>&lt;div class='dynamicText ' id='DYNAMIC_TEXT_KS00505696003d0PeWTwYPUKQAxzzk' title='' SOURCE_FORM='KS_SRV_Manager' label='Check Status / Unlock Control Buttons' style=''&gt;&lt;button id="bStatus"&gt;Check Status&lt;/button&gt;
&lt;button id="bUnlock"&gt;Unlock&lt;/button&gt;&lt;/div&gt;</value></field_value><field_value id="700060521"/><field_value id="700001923"/><field_value id="600000300"><value>KS_SRV_Manager</value></field_value><field_value id="70000105"/><field_value id="700001239"/><field_value id="700000230"><value>KS00505696003d0PeWTwYPUKQAxzzk</value></field_value><field_value id="700002239"/><field_value id="700002396"><value>         TEXT: Check Status / Unlock Control Butto</value></field_value><field_value id="179"><value>KS00505696003d0PeWTwYPUKQAxzzk</value></field_value><field_value id="700007886"/><field_value id="700007885"/><field_value id="70006004"/><field_value id="70006003"/><field_value id="700073306"/><field_value id="700002320"/><field_value id="70006002"/><field_value id="700073305"/><field_value id="70006001"/><field_value id="70006000"/><field_value id="700073303"/><field_value id="700073302"/><field_value id="700073301"/><field_value id="700073300"/><field_value id="490000700"/><field_value id="700001080"><value>DYNAMIC_TEXT_KS00505696003d0PeWTwYPUKQAxzzk</value></field_value><field_value id="700011300"/><field_value id="700000800"><value>KS00505696003dn26QTwoBw1HQW2Lg</value></field_value><field_value id="700065214"><value>KS00505696003dsveWTwsGUEQAajzk</value></field_value><field_value id="700011200"/><field_value id="700073060"/><field_value id="700001212"/><field_value id="700002310"/><field_value id="700001211"><value>10</value></field_value><field_value id="700001210"/><field_value id="700009874"/><field_value id="600000043"/><field_value id="600000042"/><field_value id="700002409"/><field_value id="700002408"/><field_value id="700002407"/><field_value id="700002309"/><field_value id="700002308"/><field_value id="700001209"/><field_value id="700002307"/><field_value id="700002400"/><field_value id="700002306"/><field_value id="536870915"/><field_value id="700002305"/><field_value id="700002304"/><field_value id="536870913"/><field_value id="710060521"/><field_value id="700073051"/><field_value id="700002303"><value>KS00505696003d3m6QTwYPE2HQg2Lg</value></field_value><field_value id="700001204"/><field_value id="710060520"/><field_value id="700073050"/><field_value id="700002302"/><field_value id="700001203"/><field_value id="8"><value>na</value></field_value><field_value id="700002301"/><field_value id="700001202"><value>6</value></field_value><field_value id="7"><value>0</value></field_value><field_value id="700001201"/><field_value id="6"><value>1335313308</value></field_value><field_value id="700001200"/><field_value id="5"><value>Demo</value></field_value><field_value id="1002"><value>Check Status / Unlock Control Buttons</value></field_value><field_value id="4"/><field_value id="3"><value>1335311904</value></field_value><field_value id="2"><value>Demo</value></field_value><field_value id="70000098"/><field_value id="1"><value>000000000000135</value></field_value><field_value id="700001100"/><field_value id="70000095"/><field_value id="70000094"/><field_value id="600000098"/><field_value id="600000097"/><field_value id="700002002"/><field_value id="600000092"/><field_value id="600000091"/><field_value id="700002000"/><field_value id="600000090"/><field_value id="700060050"/><field_value id="700001259"/><field_value id="70000089"/><field_value id="70000088"/><field_value id="70000087"/><field_value id="70000086"/><field_value id="70000085"/><field_value id="70000083"/><field_value id="70000082"/><field_value id="70000081"/><field_value id="700001055"/><field_value id="70000080"/><field_value id="700001054"/><field_value id="700001053"/><field_value id="700008000"><value>0</value></field_value><field_value id="700001051"><value>Check Status / Unlock Control Buttons</value></field_value></entry><entry id="000000000000136"><field_value id="600000310"/><field_value id="770006505"/><field_value id="700001048"/><field_value id="700001046"><value>KS5df713e829771ecb7652cdf0a1967e0a8</value></field_value><field_value id="700001045"/><field_value id="700001044"/><field_value id="700001043"/><field_value id="700073220"><value>Horizontal</value></field_value><field_value id="700060522"/><field_value id="700001690"><value>&lt;div class='templateSection indent boxed divided clear' id='SECTION_KS00505696003dfVmVTwUKCzMwWQ7j' label='Submission Lock Controls Section' style='overflow:hidden;'&gt;</value></field_value><field_value id="700060521"/><field_value id="700001923"/><field_value id="600000300"/><field_value id="70000105"/><field_value id="700001239"/><field_value id="700000230"><value>KS00505696003dfVmVTwUKCzMwWQ7j</value></field_value><field_value id="700002239"/><field_value id="700002396"><value>    SECTION: Submission Lock Controls Section</value></field_value><field_value id="179"><value>KS00505696003dfVmVTwUKCzMwWQ7j</value></field_value><field_value id="700007886"/><field_value id="700007885"/><field_value id="70006004"/><field_value id="70006003"/><field_value id="700073306"/><field_value id="700002320"/><field_value id="70006002"/><field_value id="700073305"/><field_value id="70006001"/><field_value id="70006000"/><field_value id="700073303"/><field_value id="700073302"/><field_value id="700073301"/><field_value id="700073300"/><field_value id="490000700"/><field_value id="700001080"><value>SECTION_KS00505696003dfVmVTwUKCzMwWQ7j</value></field_value><field_value id="700011300"/><field_value id="700000800"><value>KS00505696003dn26QTwoBw1HQW2Lg</value></field_value><field_value id="700065214"><value>KS00505696003dY1mVTwgDOvMwIg7j</value></field_value><field_value id="700011200"/><field_value id="700073060"/><field_value id="700001212"/><field_value id="700002310"/><field_value id="700001211"><value>12</value></field_value><field_value id="700001210"/><field_value id="700009874"/><field_value id="600000043"/><field_value id="600000042"/><field_value id="700002409"/><field_value id="700002408"/><field_value id="700002407"/><field_value id="700002309"/><field_value id="700002308"/><field_value id="700001209"/><field_value id="700002307"/><field_value id="700002400"/><field_value id="700002306"/><field_value id="536870915"/><field_value id="700002305"/><field_value id="700002304"/><field_value id="536870913"/><field_value id="710060521"/><field_value id="700073051"/><field_value id="700002303"><value>KS00505696003d3m6QTwYPE2HQg2Lg</value></field_value><field_value id="700001204"><value>Submission Lock Controls Section</value></field_value><field_value id="710060520"/><field_value id="700073050"/><field_value id="700002302"/><field_value id="700001203"/><field_value id="8"><value>na</value></field_value><field_value id="700002301"/><field_value id="700001202"><value>1</value></field_value><field_value id="7"><value>0</value></field_value><field_value id="700001201"/><field_value id="6"><value>1340999129</value></field_value><field_value id="700001200"/><field_value id="5"><value>Demo</value></field_value><field_value id="1002"><value>Submission Lock Controls Section</value></field_value><field_value id="4"/><field_value id="3"><value>1335205837</value></field_value><field_value id="2"><value>Demo</value></field_value><field_value id="70000098"/><field_value id="1"><value>000000000000136</value></field_value><field_value id="700001100"/><field_value id="70000095"/><field_value id="70000094"/><field_value id="600000098"/><field_value id="600000097"/><field_value id="700002002"/><field_value id="600000092"/><field_value id="600000091"/><field_value id="700002000"/><field_value id="600000090"/><field_value id="700060050"><value> indent boxed divided clear </value></field_value><field_value id="700001259"/><field_value id="70000089"/><field_value id="70000088"/><field_value id="70000087"/><field_value id="70000086"/><field_value id="70000085"/><field_value id="70000083"/><field_value id="70000082"/><field_value id="70000081"/><field_value id="700001055"/><field_value id="70000080"/><field_value id="700001054"/><field_value id="700001053"/><field_value id="700008000"><value>0</value></field_value><field_value id="700001051"/></entry><entry id="000000000000137"><field_value id="600000310"/><field_value id="770006505"/><field_value id="700001048"><value>&lt;div&gt;
&lt;p class="instructions"&gt;Enter the User ID that will hold the lock for this submission.&lt;/p&gt;
&lt;/div&gt;</value></field_value><field_value id="700001046"><value>KS00505696003do1iVTwUMWYMwnQvj</value></field_value><field_value id="700001045"/><field_value id="700001044"/><field_value id="700001043"/><field_value id="700073220"><value>Horizontal</value></field_value><field_value id="700060522"/><field_value id="700001690"><value>&lt;div class='dynamicText fullwidth' id='DYNAMIC_TEXT_KS00505696003d6_eWTwkEwQQA8zzk' title='' SOURCE_FORM='KS_SRV_Manager' label='Lock Instructions Text' style=''&gt;&lt;div&gt;
&lt;p class="instructions"&gt;Enter the User ID that will hold the lock for this submission.&lt;/p&gt;
&lt;/div&gt;&lt;/div&gt;</value></field_value><field_value id="700060521"/><field_value id="700001923"/><field_value id="600000300"><value>KS_SRV_Manager</value></field_value><field_value id="70000105"/><field_value id="700001239"/><field_value id="700000230"><value>KS00505696003d6_eWTwkEwQQA8zzk</value></field_value><field_value id="700002239"/><field_value id="700002396"><value>         TEXT: Lock Instructions Text</value></field_value><field_value id="179"><value>KS00505696003d6_eWTwkEwQQA8zzk</value></field_value><field_value id="700007886"/><field_value id="700007885"/><field_value id="70006004"/><field_value id="70006003"/><field_value id="700073306"/><field_value id="700002320"/><field_value id="70006002"/><field_value id="700073305"/><field_value id="70006001"/><field_value id="70006000"/><field_value id="700073303"/><field_value id="700073302"/><field_value id="700073301"/><field_value id="700073300"/><field_value id="490000700"/><field_value id="700001080"><value>DYNAMIC_TEXT_KS00505696003d6_eWTwkEwQQA8zzk</value></field_value><field_value id="700011300"/><field_value id="700000800"><value>KS00505696003dn26QTwoBw1HQW2Lg</value></field_value><field_value id="700065214"><value>KS00505696003dsveWTwsGUEQAajzk</value></field_value><field_value id="700011200"/><field_value id="700073060"/><field_value id="700001212"/><field_value id="700002310"/><field_value id="700001211"><value>13</value></field_value><field_value id="700001210"/><field_value id="700009874"/><field_value id="600000043"/><field_value id="600000042"/><field_value id="700002409"/><field_value id="700002408"/><field_value id="700002407"/><field_value id="700002309"/><field_value id="700002308"/><field_value id="700001209"/><field_value id="700002307"/><field_value id="700002400"/><field_value id="700002306"/><field_value id="536870915"/><field_value id="700002305"/><field_value id="700002304"/><field_value id="536870913"/><field_value id="710060521"/><field_value id="700073051"/><field_value id="700002303"><value>KS00505696003d3m6QTwYPE2HQg2Lg</value></field_value><field_value id="700001204"/><field_value id="710060520"/><field_value id="700073050"/><field_value id="700002302"/><field_value id="700001203"/><field_value id="8"><value>na</value></field_value><field_value id="700002301"/><field_value id="700001202"><value>6</value></field_value><field_value id="7"><value>0</value></field_value><field_value id="700001201"/><field_value id="6"><value>1340999129</value></field_value><field_value id="700001200"/><field_value id="5"><value>Demo</value></field_value><field_value id="1002"><value>Lock Instructions Text</value></field_value><field_value id="4"/><field_value id="3"><value>1335311931</value></field_value><field_value id="2"><value>Demo</value></field_value><field_value id="70000098"/><field_value id="1"><value>000000000000137</value></field_value><field_value id="700001100"/><field_value id="70000095"/><field_value id="70000094"/><field_value id="600000098"/><field_value id="600000097"/><field_value id="700002002"/><field_value id="600000092"/><field_value id="600000091"/><field_value id="700002000"/><field_value id="600000090"/><field_value id="700060050"><value> fullwidth </value></field_value><field_value id="700001259"/><field_value id="70000089"/><field_value id="70000088"/><field_value id="70000087"/><field_value id="70000086"/><field_value id="70000085"/><field_value id="70000083"/><field_value id="70000082"/><field_value id="70000081"/><field_value id="700001055"/><field_value id="70000080"/><field_value id="700001054"/><field_value id="700001053"/><field_value id="700008000"><value>0</value></field_value><field_value id="700001051"><value>Lock Instructions Text</value></field_value></entry><entry id="000000000000138"><field_value id="600000310"/><field_value id="770006505"/><field_value id="700001048"/><field_value id="700001046"><value>KS00505696003dqFiVTw4JWcMwvQvj</value></field_value><field_value id="700001045"/><field_value id="700001044"/><field_value id="700001043"/><field_value id="700073220"><value>Horizontal</value></field_value><field_value id="700060522"/><field_value id="700001690"><value>&lt;div class='questionLayer ' id='QLAYER_KS00505696003d8feWTwIB0UQAEz3k' label='User ID' title='' style=''&gt; 
&lt;div class='questionLabel' id='QLABEL_KS00505696003d8feWTwIB0UQAEz3k' label='User ID' style=''&gt;User ID 
&lt;/div&gt;
&lt;div class='questionAnswer' id='QANSWER_KS00505696003d8feWTwIB0UQAEz3k' label='User ID' style=''&gt;&lt;input type='text' id='SRVQSTN_KS00505696003d8feWTwIB0UQAEz3k' class='answerValue answerText'  name='SRVQSTN_KS00505696003d8feWTwIB0UQAEz3k' size='18' maxlength='' errorValue='' validationText=''  validationFormat='' transient=''/&gt; 
&lt;/div&gt; 
&lt;/div&gt;</value></field_value><field_value id="700060521"/><field_value id="700001923"/><field_value id="600000300"/><field_value id="70000105"/><field_value id="700001239"/><field_value id="700000230"><value>KS00505696003d8feWTwIB0UQAEz3k</value></field_value><field_value id="700002239"/><field_value id="700002396"><value>      QUESTION: User ID</value></field_value><field_value id="179"><value>KS00505696003d8veWTwcOAUQAFD3k</value></field_value><field_value id="700007886"/><field_value id="700007885"/><field_value id="70006004"/><field_value id="70006003"/><field_value id="700073306"/><field_value id="700002320"/><field_value id="70006002"/><field_value id="700073305"/><field_value id="70006001"/><field_value id="70006000"/><field_value id="700073303"/><field_value id="700073302"/><field_value id="700073301"/><field_value id="700073300"/><field_value id="490000700"><value>KS00505696003d8PeWTwAM8TQABz3k</value></field_value><field_value id="700001080"><value>QLAYER_KS00505696003d8feWTwIB0UQAEz3k</value></field_value><field_value id="700011300"/><field_value id="700000800"><value>KS00505696003dn26QTwoBw1HQW2Lg</value></field_value><field_value id="700065214"/><field_value id="700011200"/><field_value id="700073060"/><field_value id="700001212"/><field_value id="700002310"/><field_value id="700001211"><value>14</value></field_value><field_value id="700001210"/><field_value id="700009874"/><field_value id="600000043"/><field_value id="600000042"/><field_value id="700002409"/><field_value id="700002408"/><field_value id="700002407"/><field_value id="700002309"/><field_value id="700002308"/><field_value id="700001209"/><field_value id="700002307"/><field_value id="700002400"/><field_value id="700002306"/><field_value id="536870915"/><field_value id="700002305"/><field_value id="700002304"/><field_value id="536870913"/><field_value id="710060521"/><field_value id="700073051"/><field_value id="700002303"><value>KS00505696003d3m6QTwYPE2HQg2Lg</value></field_value><field_value id="700001204"/><field_value id="710060520"/><field_value id="700073050"/><field_value id="700002302"/><field_value id="700001203"/><field_value id="8"><value>na</value></field_value><field_value id="700002301"/><field_value id="700001202"><value>2</value></field_value><field_value id="7"><value>0</value></field_value><field_value id="700001201"/><field_value id="6"><value>1354834338</value></field_value><field_value id="700001200"/><field_value id="5"><value>Demo</value></field_value><field_value id="1002"><value>User ID</value></field_value><field_value id="4"/><field_value id="3"><value>1335311938</value></field_value><field_value id="2"><value>Demo</value></field_value><field_value id="70000098"/><field_value id="1"><value>000000000000138</value></field_value><field_value id="700001100"/><field_value id="70000095"/><field_value id="70000094"/><field_value id="600000098"/><field_value id="600000097"/><field_value id="700002002"/><field_value id="600000092"/><field_value id="600000091"/><field_value id="700002000"/><field_value id="600000090"/><field_value id="700060050"/><field_value id="700001259"/><field_value id="70000089"/><field_value id="70000088"/><field_value id="70000087"/><field_value id="70000086"/><field_value id="70000085"/><field_value id="70000083"/><field_value id="70000082"/><field_value id="70000081"/><field_value id="700001055"/><field_value id="70000080"/><field_value id="700001054"/><field_value id="700001053"/><field_value id="700008000"><value>0</value></field_value><field_value id="700001051"/></entry><entry id="000000000000139"><field_value id="600000310"/><field_value id="770006505"/><field_value id="700001048"><value>&lt;button id="bLock"&gt;Lock&lt;/button&gt;</value></field_value><field_value id="700001046"><value>KSf43b7c10755cb88275034e8d93aae95da</value></field_value><field_value id="700001045"/><field_value id="700001044"/><field_value id="700001043"/><field_value id="700073220"><value>Horizontal</value></field_value><field_value id="700060522"/><field_value id="700001690"><value>&lt;div class='dynamicText ' id='DYNAMIC_TEXT_KS00505696003dfVmVTwoGO0MwXg7j' title='' SOURCE_FORM='KS_SRV_Manager' label='Lock Control Button' style=''&gt;&lt;button id="bLock"&gt;Lock&lt;/button&gt;&lt;/div&gt;</value></field_value><field_value id="700060521"/><field_value id="700001923"/><field_value id="600000300"><value>KS_SRV_Manager</value></field_value><field_value id="70000105"/><field_value id="700001239"/><field_value id="700000230"><value>KS00505696003dfVmVTwoGO0MwXg7j</value></field_value><field_value id="700002239"/><field_value id="700002396"><value>         TEXT: Lock Control Button</value></field_value><field_value id="179"><value>KS00505696003dfVmVTwoGO0MwXg7j</value></field_value><field_value id="700007886"/><field_value id="700007885"/><field_value id="70006004"/><field_value id="70006003"/><field_value id="700073306"/><field_value id="700002320"/><field_value id="70006002"/><field_value id="700073305"/><field_value id="70006001"/><field_value id="70006000"/><field_value id="700073303"/><field_value id="700073302"/><field_value id="700073301"/><field_value id="700073300"/><field_value id="490000700"/><field_value id="700001080"><value>DYNAMIC_TEXT_KS00505696003dfVmVTwoGO0MwXg7j</value></field_value><field_value id="700011300"/><field_value id="700000800"><value>KS00505696003dn26QTwoBw1HQW2Lg</value></field_value><field_value id="700065214"><value>KS00505696003dY1mVTwgDOvMwIg7j</value></field_value><field_value id="700011200"/><field_value id="700073060"/><field_value id="700001212"/><field_value id="700002310"/><field_value id="700001211"><value>15</value></field_value><field_value id="700001210"/><field_value id="700009874"/><field_value id="600000043"/><field_value id="600000042"/><field_value id="700002409"/><field_value id="700002408"/><field_value id="700002407"/><field_value id="700002309"/><field_value id="700002308"/><field_value id="700001209"/><field_value id="700002307"/><field_value id="700002400"/><field_value id="700002306"/><field_value id="536870915"/><field_value id="700002305"/><field_value id="700002304"/><field_value id="536870913"/><field_value id="710060521"/><field_value id="700073051"/><field_value id="700002303"><value>KS00505696003d3m6QTwYPE2HQg2Lg</value></field_value><field_value id="700001204"/><field_value id="710060520"/><field_value id="700073050"/><field_value id="700002302"/><field_value id="700001203"/><field_value id="8"><value>na</value></field_value><field_value id="700002301"/><field_value id="700001202"><value>6</value></field_value><field_value id="7"><value>0</value></field_value><field_value id="700001201"/><field_value id="6"><value>1335313308</value></field_value><field_value id="700001200"/><field_value id="5"><value>Demo</value></field_value><field_value id="1002"><value>Lock Control Button</value></field_value><field_value id="4"/><field_value id="3"><value>1335205837</value></field_value><field_value id="2"><value>Demo</value></field_value><field_value id="70000098"/><field_value id="1"><value>000000000000139</value></field_value><field_value id="700001100"/><field_value id="70000095"/><field_value id="70000094"/><field_value id="600000098"/><field_value id="600000097"/><field_value id="700002002"/><field_value id="600000092"/><field_value id="600000091"/><field_value id="700002000"/><field_value id="600000090"/><field_value id="700060050"/><field_value id="700001259"/><field_value id="70000089"/><field_value id="70000088"/><field_value id="70000087"/><field_value id="70000086"/><field_value id="70000085"/><field_value id="70000083"/><field_value id="70000082"/><field_value id="70000081"/><field_value id="700001055"/><field_value id="70000080"/><field_value id="700001054"/><field_value id="700001053"/><field_value id="700008000"><value>0</value></field_value><field_value id="700001051"><value>Lock Control Button</value></field_value></entry><entry id="000000000000140"><field_value id="600000310"/><field_value id="770006505"/><field_value id="700001048"/><field_value id="700001046"/><field_value id="700001045"/><field_value id="700001044"/><field_value id="700001043"/><field_value id="700073220"><value>Horizontal</value></field_value><field_value id="700060522"/><field_value id="700001690"><value>&lt;div class='templateSection ' id='SECTION_KS00505696003dE_mWTwYAUyQA3UDk' label='SDR Section' style='overflow:hidden;'&gt;</value></field_value><field_value id="700060521"/><field_value id="700001923"/><field_value id="600000300"/><field_value id="70000105"/><field_value id="700001239"/><field_value id="700000230"><value>KS00505696003dE_mWTwYAUyQA3UDk</value></field_value><field_value id="700002239"/><field_value id="700002396"><value>    SECTION: SDR Section</value></field_value><field_value id="179"><value>KS00505696003dE_mWTwYAUyQA3UDk</value></field_value><field_value id="700007886"/><field_value id="700007885"/><field_value id="70006004"/><field_value id="70006003"/><field_value id="700073306"/><field_value id="700002320"/><field_value id="70006002"/><field_value id="700073305"/><field_value id="70006001"/><field_value id="70006000"/><field_value id="700073303"/><field_value id="700073302"/><field_value id="700073301"/><field_value id="700073300"/><field_value id="490000700"/><field_value id="700001080"><value>SECTION_KS00505696003dE_mWTwYAUyQA3UDk</value></field_value><field_value id="700011300"/><field_value id="700000800"><value>KS00505696003dn26QTwoBw1HQW2Lg</value></field_value><field_value id="700065214"/><field_value id="700011200"/><field_value id="700073060"/><field_value id="700001212"/><field_value id="700002310"/><field_value id="700001211"><value>16</value></field_value><field_value id="700001210"/><field_value id="700009874"/><field_value id="600000043"/><field_value id="600000042"/><field_value id="700002409"/><field_value id="700002408"/><field_value id="700002407"/><field_value id="700002309"/><field_value id="700002308"/><field_value id="700001209"/><field_value id="700002307"/><field_value id="700002400"/><field_value id="700002306"/><field_value id="536870915"/><field_value id="700002305"/><field_value id="700002304"/><field_value id="536870913"/><field_value id="710060521"/><field_value id="700073051"/><field_value id="700002303"><value>KS00505696003d3m6QTwYPE2HQg2Lg</value></field_value><field_value id="700001204"><value>SDR Section</value></field_value><field_value id="710060520"/><field_value id="700073050"/><field_value id="700002302"/><field_value id="700001203"/><field_value id="8"><value>na</value></field_value><field_value id="700002301"/><field_value id="700001202"><value>1</value></field_value><field_value id="7"><value>0</value></field_value><field_value id="700001201"/><field_value id="6"><value>1335313308</value></field_value><field_value id="700001200"/><field_value id="5"><value>Demo</value></field_value><field_value id="1002"><value>SDR Section</value></field_value><field_value id="4"/><field_value id="3"><value>1335312231</value></field_value><field_value id="2"><value>Demo</value></field_value><field_value id="70000098"/><field_value id="1"><value>000000000000140</value></field_value><field_value id="700001100"/><field_value id="70000095"/><field_value id="70000094"/><field_value id="600000098"/><field_value id="600000097"/><field_value id="700002002"/><field_value id="600000092"/><field_value id="600000091"/><field_value id="700002000"/><field_value id="600000090"/><field_value id="700060050"/><field_value id="700001259"/><field_value id="70000089"/><field_value id="70000088"/><field_value id="70000087"/><field_value id="70000086"/><field_value id="70000085"/><field_value id="70000083"/><field_value id="70000082"/><field_value id="70000081"/><field_value id="700001055"/><field_value id="70000080"/><field_value id="700001054"/><field_value id="700001053"/><field_value id="700008000"><value>0</value></field_value><field_value id="700001051"/></entry><entry id="000000000000141"><field_value id="600000310"/><field_value id="770006505"/><field_value id="700001048"/><field_value id="700001046"/><field_value id="700001045"/><field_value id="700001044"/><field_value id="700001043"/><field_value id="700073220"><value>Horizontal</value></field_value><field_value id="700060522"/><field_value id="700001690"><value>&lt;div class='dynamicText ' id='DYNAMIC_TEXT_KS00505696003dG_mWTwgMQ0QACUHk' title='' SOURCE_FORM='KS_SRV_Manager' label='SDR - Get Submission By KSR' style=''&gt;&lt;/div&gt;</value></field_value><field_value id="700060521"/><field_value id="700001923"/><field_value id="600000300"><value>KS_SRV_Manager</value></field_value><field_value id="70000105"/><field_value id="700001239"/><field_value id="700000230"><value>KS00505696003dG_mWTwgMQ0QACUHk</value></field_value><field_value id="700002239"/><field_value id="700002396"><value>         TEXT: SDR - Get Submission By KSR</value></field_value><field_value id="179"><value>KS00505696003dG_mWTwgMQ0QACUHk</value></field_value><field_value id="700007886"/><field_value id="700007885"/><field_value id="70006004"/><field_value id="70006003"/><field_value id="700073306"/><field_value id="700002320"/><field_value id="70006002"/><field_value id="700073305"/><field_value id="70006001"/><field_value id="70006000"/><field_value id="700073303"/><field_value id="700073302"/><field_value id="700073301"/><field_value id="700073300"/><field_value id="490000700"/><field_value id="700001080"><value>DYNAMIC_TEXT_KS00505696003dG_mWTwgMQ0QACUHk</value></field_value><field_value id="700011300"/><field_value id="700000800"><value>KS00505696003dn26QTwoBw1HQW2Lg</value></field_value><field_value id="700065214"/><field_value id="700011200"/><field_value id="700073060"/><field_value id="700001212"/><field_value id="700002310"/><field_value id="700001211"><value>17</value></field_value><field_value id="700001210"/><field_value id="700009874"/><field_value id="600000043"/><field_value id="600000042"/><field_value id="700002409"/><field_value id="700002408"/><field_value id="700002407"/><field_value id="700002309"/><field_value id="700002308"/><field_value id="700001209"/><field_value id="700002307"/><field_value id="700002400"/><field_value id="700002306"/><field_value id="536870915"/><field_value id="700002305"/><field_value id="700002304"/><field_value id="536870913"/><field_value id="710060521"/><field_value id="700073051"/><field_value id="700002303"><value>KS00505696003d3m6QTwYPE2HQg2Lg</value></field_value><field_value id="700001204"/><field_value id="710060520"/><field_value id="700073050"/><field_value id="700002302"/><field_value id="700001203"/><field_value id="8"><value>na</value></field_value><field_value id="700002301"/><field_value id="700001202"><value>6</value></field_value><field_value id="7"><value>0</value></field_value><field_value id="700001201"/><field_value id="6"><value>1335313308</value></field_value><field_value id="700001200"/><field_value id="5"><value>Demo</value></field_value><field_value id="1002"><value>SDR - Get Submission By KSR</value></field_value><field_value id="4"/><field_value id="3"><value>1335312253</value></field_value><field_value id="2"><value>Demo</value></field_value><field_value id="70000098"/><field_value id="1"><value>000000000000141</value></field_value><field_value id="700001100"/><field_value id="70000095"/><field_value id="70000094"/><field_value id="600000098"/><field_value id="600000097"/><field_value id="700002002"/><field_value id="600000092"/><field_value id="600000091"/><field_value id="700002000"/><field_value id="600000090"/><field_value id="700060050"/><field_value id="700001259"/><field_value id="70000089"/><field_value id="70000088"/><field_value id="70000087"/><field_value id="70000086"/><field_value id="70000085"/><field_value id="70000083"/><field_value id="70000082"/><field_value id="70000081"/><field_value id="700001055"/><field_value id="70000080"/><field_value id="700001054"/><field_value id="700001053"/><field_value id="700008000"><value>0</value></field_value><field_value id="700001051"><value>SDR - Get Submission By KSR</value></field_value></entry><entry id="000000000000142"><field_value id="600000310"/><field_value id="770006505"/><field_value id="700001048"/><field_value id="700001046"/><field_value id="700001045"/><field_value id="700001044"/><field_value id="700001043"/><field_value id="700073220"><value>Horizontal</value></field_value><field_value id="700060522"/><field_value id="700001690"><value>&lt;div class='templateSection indent clear' id='SECTION_KS00505696003dpW-QTwYJdFHQj2Pg' label='Submission Lock Status Section' style='overflow:hidden;'&gt;</value></field_value><field_value id="700060521"/><field_value id="700001923"/><field_value id="600000300"/><field_value id="70000105"/><field_value id="700001239"/><field_value id="700000230"><value>KS00505696003dpW-QTwYJdFHQj2Pg</value></field_value><field_value id="700002239"/><field_value id="700002396"><value>    SECTION: Submission Lock Status Section</value></field_value><field_value id="179"><value>KS00505696003dpW-QTwYJdFHQj2Pg</value></field_value><field_value id="700007886"/><field_value id="700007885"/><field_value id="70006004"/><field_value id="70006003"/><field_value id="700073306"/><field_value id="700002320"/><field_value id="70006002"/><field_value id="700073305"/><field_value id="70006001"/><field_value id="70006000"/><field_value id="700073303"/><field_value id="700073302"/><field_value id="700073301"/><field_value id="700073300"/><field_value id="490000700"/><field_value id="700001080"><value>SECTION_KS00505696003dpW-QTwYJdFHQj2Pg</value></field_value><field_value id="700011300"/><field_value id="700000800"><value>KS00505696003dn26QTwoBw1HQW2Lg</value></field_value><field_value id="700065214"/><field_value id="700011200"/><field_value id="700073060"/><field_value id="700001212"/><field_value id="700002310"/><field_value id="700001211"><value>18</value></field_value><field_value id="700001210"/><field_value id="700009874"/><field_value id="600000043"/><field_value id="600000042"/><field_value id="700002409"/><field_value id="700002408"/><field_value id="700002407"/><field_value id="700002309"/><field_value id="700002308"/><field_value id="700001209"/><field_value id="700002307"/><field_value id="700002400"/><field_value id="700002306"/><field_value id="536870915"/><field_value id="700002305"/><field_value id="700002304"/><field_value id="536870913"/><field_value id="710060521"/><field_value id="700073051"/><field_value id="700002303"><value>KS00505696003d3m6QTwYPE2HQg2Lg</value></field_value><field_value id="700001204"><value>Submission Lock Status Section</value></field_value><field_value id="710060520"/><field_value id="700073050"/><field_value id="700002302"/><field_value id="700001203"/><field_value id="8"><value>na</value></field_value><field_value id="700002301"/><field_value id="700001202"><value>1</value></field_value><field_value id="7"><value>0</value></field_value><field_value id="700001201"/><field_value id="6"><value>1340999129</value></field_value><field_value id="700001200"/><field_value id="5"><value>Demo</value></field_value><field_value id="1002"><value>Submission Lock Status Section</value></field_value><field_value id="4"/><field_value id="3"><value>1334883841</value></field_value><field_value id="2"><value>Demo</value></field_value><field_value id="70000098"/><field_value id="1"><value>000000000000142</value></field_value><field_value id="700001100"/><field_value id="70000095"/><field_value id="70000094"/><field_value id="600000098"/><field_value id="600000097"/><field_value id="700002002"/><field_value id="600000092"/><field_value id="600000091"/><field_value id="700002000"/><field_value id="600000090"/><field_value id="700060050"><value> indent clear </value></field_value><field_value id="700001259"/><field_value id="70000089"/><field_value id="70000088"/><field_value id="70000087"/><field_value id="70000086"/><field_value id="70000085"/><field_value id="70000083"/><field_value id="70000082"/><field_value id="70000081"/><field_value id="700001055"/><field_value id="70000080"/><field_value id="700001054"/><field_value id="700001053"/><field_value id="700008000"><value>0</value></field_value><field_value id="700001051"/></entry><entry id="000000000000143"><field_value id="600000310"/><field_value id="770006505"/><field_value id="700001048"><value>&lt;div id="lockResponseMsg" class="lockResponseMsg"&gt;&lt;/div&gt;</value></field_value><field_value id="700001046"/><field_value id="700001045"/><field_value id="700001044"/><field_value id="700001043"/><field_value id="700073220"><value>Horizontal</value></field_value><field_value id="700060522"/><field_value id="700001690"><value>&lt;div class='dynamicText ' id='DYNAMIC_TEXT_KS00505696003dtW-QTw0KhGHQuWPg' title='' SOURCE_FORM='KS_SRV_Manager' label='Submission Lock Status' style=''&gt;&lt;div id="lockResponseMsg" class="lockResponseMsg"&gt;&lt;/div&gt;&lt;/div&gt;</value></field_value><field_value id="700060521"/><field_value id="700001923"/><field_value id="600000300"><value>KS_SRV_Manager</value></field_value><field_value id="70000105"/><field_value id="700001239"/><field_value id="700000230"><value>KS00505696003dtW-QTw0KhGHQuWPg</value></field_value><field_value id="700002239"/><field_value id="700002396"><value>         TEXT: Submission Lock Status</value></field_value><field_value id="179"><value>KS00505696003dtW-QTw0KhGHQuWPg</value></field_value><field_value id="700007886"/><field_value id="700007885"/><field_value id="70006004"/><field_value id="70006003"/><field_value id="700073306"/><field_value id="700002320"/><field_value id="70006002"/><field_value id="700073305"/><field_value id="70006001"/><field_value id="70006000"/><field_value id="700073303"/><field_value id="700073302"/><field_value id="700073301"/><field_value id="700073300"/><field_value id="490000700"/><field_value id="700001080"><value>DYNAMIC_TEXT_KS00505696003dtW-QTw0KhGHQuWPg</value></field_value><field_value id="700011300"/><field_value id="700000800"><value>KS00505696003dn26QTwoBw1HQW2Lg</value></field_value><field_value id="700065214"/><field_value id="700011200"/><field_value id="700073060"/><field_value id="700001212"/><field_value id="700002310"/><field_value id="700001211"><value>19</value></field_value><field_value id="700001210"/><field_value id="700009874"/><field_value id="600000043"/><field_value id="600000042"/><field_value id="700002409"/><field_value id="700002408"/><field_value id="700002407"/><field_value id="700002309"/><field_value id="700002308"/><field_value id="700001209"/><field_value id="700002307"/><field_value id="700002400"/><field_value id="700002306"/><field_value id="536870915"/><field_value id="700002305"/><field_value id="700002304"/><field_value id="536870913"/><field_value id="710060521"/><field_value id="700073051"/><field_value id="700002303"><value>KS00505696003d3m6QTwYPE2HQg2Lg</value></field_value><field_value id="700001204"/><field_value id="710060520"/><field_value id="700073050"/><field_value id="700002302"/><field_value id="700001203"/><field_value id="8"><value>na</value></field_value><field_value id="700002301"/><field_value id="700001202"><value>6</value></field_value><field_value id="7"><value>0</value></field_value><field_value id="700001201"/><field_value id="6"><value>1335313308</value></field_value><field_value id="700001200"/><field_value id="5"><value>Demo</value></field_value><field_value id="1002"><value>Submission Lock Status</value></field_value><field_value id="4"/><field_value id="3"><value>1334883860</value></field_value><field_value id="2"><value>Demo</value></field_value><field_value id="70000098"/><field_value id="1"><value>000000000000143</value></field_value><field_value id="700001100"/><field_value id="70000095"/><field_value id="70000094"/><field_value id="600000098"/><field_value id="600000097"/><field_value id="700002002"/><field_value id="600000092"/><field_value id="600000091"/><field_value id="700002000"/><field_value id="600000090"/><field_value id="700060050"/><field_value id="700001259"/><field_value id="70000089"/><field_value id="70000088"/><field_value id="70000087"/><field_value id="70000086"/><field_value id="70000085"/><field_value id="70000083"/><field_value id="70000082"/><field_value id="70000081"/><field_value id="700001055"/><field_value id="70000080"/><field_value id="700001054"/><field_value id="700001053"/><field_value id="700008000"><value>0</value></field_value><field_value id="700001051"><value>Submission Lock Status</value></field_value></entry></instance></xform></arsystem_xml_report>