<?xml version="1.0" encoding="UTF-8"?>
<arsystem_xml_report><xform id="KS_SRV_NotificationRule" remedy="http://www.w3.org/2000/xforms"><instance><field-info><field><name>Use Business Hours</name><id>702020300</id><type>ENUM</type></field><field><name>Question_Number</name><id>700001200</id><type>DECIMAL</type></field><field><name>Message_Template</name><id>700001261</id><type>CHAR</type></field><field><name>_ActionTwo</name><id>600000043</id><type>CHAR</type></field><field><name>_ActionOne</name><id>600000042</id><type>CHAR</type></field><field><name>Rule_Type</name><id>700002273</id><type>CHAR</type></field><field><name>NotificationAssignmentForm</name><id>700001966</id><type>CHAR</type></field><field><name>NotifyOnAnswerID</name><id>700000050</id><type>CHAR</type></field><field><name>DisplayQualification</name><id>600000261</id><type>CHAR</type></field><field><name>ExternalQualification</name><id>600000260</id><type>CHAR</type></field><field><name>HoursAfterSend</name><id>700001097</id><type>INTEGER</type></field><field><name>_ValueField_ID</name><id>70000087</id><type>CHAR</type></field><field><name>SurveyInstanceID</name><id>700000850</id><type>CHAR</type></field><field><name>_NotifyOnAnswer_Assigned</name><id>700001899</id><type>CHAR</type></field><field><name>_FormID</name><id>70000083</id><type>CHAR</type></field><field><name>Trigger_on_Validation_Status_change</name><id>700006350</id><type>ENUM</type></field><field><name>Short Description</name><id>8</id><type>CHAR</type></field><field><name>_CustomerSurveyInstanceID_Field_ID</name><id>70000082</id><type>CHAR</type></field><field><name>Run_When</name><id>700072018</id><type>ENUM</type></field><field><name>NotificationAssignmentType</name><id>700001895</id><type>ENUM</type></field><field><name>Status</name><id>7</id><type>ENUM</type></field><field><name>Modified Date</name><id>6</id><type>TIME</type></field><field><name>Last Modified By</name><id>5</id><type>CHAR</type></field><field><name>Assigned To</name><id>4</id><type>CHAR</type></field><field><name>Create Date</name><id>3</id><type>TIME</type></field><field><name>Submitter</name><id>2</id><type>CHAR</type></field><field><name>Request ID</name><id>1</id><type>CHAR</type></field><field><name>_Multi-Purpose-Integer</name><id>600000097</id><type>INTEGER</type></field><field><name>OperationID</name><id>490000700</id><type>CHAR</type></field><field><name>NotificationAssignment_QstnNmbr</name><id>700001185</id><type>CHAR</type></field><field><name>ApplicationName</name><id>700036000</id><type>CHAR</type></field><field><name>Value_Int</name><id>700000013</id><type>INTEGER</type></field><field><name>NotificationAssignment_QstnID</name><id>700001954</id><type>CHAR</type></field><field><name>NotifyOnAnswerDisaplyName</name><id>700001022</id><type>CHAR</type></field><field><name>Value_Viewer</name><id>700001021</id><type>CHAR</type></field><field><name>NotifyOnAnswer</name><id>700001020</id><type>CHAR</type></field><field><name>MessageTemplateInstanceID</name><id>700001859</id><type>CHAR</type></field><field><name>ReminderID</name><id>700006310</id><type>INTEGER</type></field><field><name>QuestionInstanceID</name><id>700000230</id><type>CHAR</type></field><field><name>_ExternalQual_Temp</name><id>700001279</id><type>CHAR</type></field><field><name>SendAfterReminder</name><id>700001211</id><type>INTEGER</type></field><field><name>instanceId</name><id>179</id><type>CHAR</type></field><field><name>Rule_Name</name><id>700001273</id><type>CHAR</type></field><field><name>ValueIsOperand</name><id>700000060</id><type>ENUM</type></field><field><name>Workday Schedule</name><id>702020302</id><type>CHAR</type></field><field><name>Holiday Schedule</name><id>702020301</id><type>CHAR</type></field><field><name>_ActionThree</name><id>700001043</id><type>CHAR</type></field></field-info><entry id="000000000000001"><field_value id="702020300"/><field_value id="700001200"/><field_value id="700001261"><value>Installation Email</value></field_value><field_value id="600000043"/><field_value id="600000042"/><field_value id="700002273"><value>Notification</value></field_value><field_value id="700001966"/><field_value id="700000050"/><field_value id="600000261"><value>1=1</value></field_value><field_value id="600000260"><value>1=1</value></field_value><field_value id="700001097"/><field_value id="70000087"/><field_value id="700000850"><value>KS000C29B22419iJz1RQJfbOBQqgAA</value></field_value><field_value id="700001899"/><field_value id="70000083"/><field_value id="700006350"/><field_value id="8"><value>na</value></field_value><field_value id="70000082"/><field_value id="700072018"><value>0</value></field_value><field_value id="700001895"><value>1</value></field_value><field_value id="7"><value>0</value></field_value><field_value id="6"><value>1286915045</value></field_value><field_value id="5"><value>Demo</value></field_value><field_value id="4"/><field_value id="3"><value>1173750056</value></field_value><field_value id="2"><value>Demo</value></field_value><field_value id="1"><value>000000000000001</value></field_value><field_value id="600000097"/><field_value id="490000700"><value>$490000700$</value></field_value><field_value id="700001185"/><field_value id="700036000"><value>Kinetic Survey</value></field_value><field_value id="700000013"><value>0</value></field_value><field_value id="700001954"/><field_value id="700001022"><value>Email Address</value></field_value><field_value id="700001021"><value>0</value></field_value><field_value id="700001020"><value>AnswerViewer2</value></field_value><field_value id="700001859"><value>ID000C298C9351V320TAQchjIwgAgA</value></field_value><field_value id="700006310"><value>0</value></field_value><field_value id="700000230"/><field_value id="700001279"/><field_value id="700001211"><value>0</value></field_value><field_value id="179"><value>AG000C29B22419x6z1RQaG8OBgAgEA</value></field_value><field_value id="700001273"><value>Startup Notification</value></field_value><field_value id="700000060"/><field_value id="702020302"/><field_value id="702020301"/><field_value id="700001043"/></entry></instance></xform></arsystem_xml_report>