<?xml version="1.0" encoding="UTF-8"?>
<arsystem_xml_report><xform id="KS_SRV_SurveyQuestion" remedy="http://www.w3.org/2000/xforms"><instance><field-info><field><name>CloneSourceBridgeResourceID_DynDflt</name><id>710060721</id><type>CHAR</type></field><field><name>CloneSourceBridgeResourceID_DynList</name><id>710060720</id><type>CHAR</type></field><field><name>DynamicListSurveyFormType</name><id>700000400</id><type>ENUM</type></field><field><name>Choice_Type</name><id>700000008</id><type>CHAR</type></field><field><name>FormatValidationText</name><id>700001190</id><type>CHAR</type></field><field><name>Justification</name><id>700005016</id><type>CHAR</type></field><field><name>Answer_Style</name><id>700000004</id><type>CHAR</type></field><field><name>Question</name><id>700000003</id><type>CHAR</type></field><field><name>Multiple-Selection List</name><id>700005014</id><type>ENUM</type></field><field><name>Answer_Data_Type</name><id>700000002</id><type>CHAR</type></field><field><name>NotApplicableValue</name><id>700005013</id><type>CHAR</type></field><field><name>NotApplicable_Applied</name><id>700005012</id><type>ENUM</type></field><field><name>Selection_Display_Options</name><id>700005010</id><type>ENUM</type></field><field><name>_ReadOnlyDisplay</name><id>710060710</id><type>CHAR</type></field><field><name>DynamicListUseGetEntry</name><id>700001380</id><type>ENUM</type></field><field><name>DynList_SortByFieldLabel</name><id>700003470</id><type>CHAR</type></field><field><name>Source_Field_ID</name><id>600000310</id><type>CHAR</type></field><field><name>DateSelect_AddBlank</name><id>700005006</id><type>ENUM</type></field><field><name>DatePicker_Used</name><id>700005005</id><type>ENUM</type></field><field><name>Answer_Dynamics_Used</name><id>700005002</id><type>ENUM</type></field><field><name>Advance_Default_Used</name><id>700005001</id><type>ENUM</type></field><field><name>Use_Data_Source_AdvDefault</name><id>710060709</id><type>ENUM</type></field><field><name>Dynamic_Default_Bridge_Resource_Id</name><id>710060708</id><type>CHAR</type></field><field><name>Dynamic_List_Bridge_Resource Id</name><id>710060707</id><type>CHAR</type></field><field><name>Use_Data_Source</name><id>710060706</id><type>ENUM</type></field><field><name>Transient</name><id>710060705</id><type>ENUM</type></field><field><name>HideTimeFields</name><id>710060704</id><type>ENUM</type></field><field><name>HideDateFields</name><id>710060702</id><type>ENUM</type></field><field><name>DisplayQuestionValue</name><id>710060701</id><type>ENUM</type></field><field><name>MultiLine</name><id>710060700</id><type>ENUM</type></field><field><name>_SortOrder</name><id>700001211</id><type>INTEGER</type></field><field><name>QstnNullLabel</name><id>700001179</id><type>CHAR</type></field><field><name>Question_Number</name><id>700001210</id><type>CHAR</type></field><field><name>RequiredQuestion</name><id>700001177</id><type>ENUM</type></field><field><name>Dynamic_List_FormID</name><id>700001370</id><type>CHAR</type></field><field><name>Source_Form_Name</name><id>600000300</id><type>CHAR</type></field><field><name>_Multi-Purpose12</name><id>600000101</id><type>CHAR</type></field><field><name>_Last</name><id>700002239</id><type>INTEGER</type></field><field><name>_FieldMapMax</name><id>70000201</id><type>INTEGER</type></field><field><name>_FieldMapCount</name><id>70000200</id><type>INTEGER</type></field><field><name>AttachmentEnforceFiletypes</name><id>700002390</id><type>ENUM</type></field><field><name>Display_Style</name><id>700073060</id><type>CHAR</type></field><field><name>CSS_ZIndex</name><id>700001201</id><type>DECIMAL</type></field><field><name>Question_Order</name><id>700001200</id><type>DECIMAL</type></field><field><name>Dynamic_List_Label_FieldID</name><id>700001360</id><type>CHAR</type></field><field><name>Survey_Template_Name</name><id>700001000</id><type>CHAR</type></field><field><name>OperationID</name><id>490000700</id><type>CHAR</type></field><field><name>AttachmentClearLabel</name><id>700002380</id><type>CHAR</type></field><field><name>ReadOnly</name><id>700073051</id><type>ENUM</type></field><field><name>Display</name><id>700073050</id><type>ENUM</type></field><field><name>SessionID</name><id>700065214</id><type>CHAR</type></field><field><name>Dynamic_List_Value_FieldID</name><id>700001350</id><type>CHAR</type></field><field><name>_tmpApplication</name><id>700009879</id><type>CHAR</type></field><field><name>_tmpSurveyInstanceId</name><id>700009878</id><type>CHAR</type></field><field><name>QuestionLabel</name><id>700060003</id><type>CHAR</type></field><field><name>Date Format</name><id>700000322</id><type>CHAR</type></field><field><name>_FullQuestionHTML</name><id>700060000</id><type>CHAR</type></field><field><name>_LabelField_ID</name><id>700000128</id><type>CHAR</type></field><field><name>_ActionTwo</name><id>600000043</id><type>CHAR</type></field><field><name>_ActionOne</name><id>600000042</id><type>CHAR</type></field><field><name>AttachmentUploadLabel</name><id>700002370</id><type>CHAR</type></field><field><name>DoNotScore</name><id>700001346</id><type>ENUM</type></field><field><name>instanceId</name><id>179</id><type>CHAR</type></field><field><name>_SortOrderOffset</name><id>700002400</id><type>INTEGER</type></field><field><name>_CurrentListLabel</name><id>700000114</id><type>CHAR</type></field><field><name>AttachmentFileTypes</name><id>700002360</id><type>CHAR</type></field><field><name>_ActionFive</name><id>700002002</id><type>CHAR</type></field><field><name>_SortAction</name><id>700002001</id><type>CHAR</type></field><field><name>_ActionFour</name><id>700002000</id><type>CHAR</type></field><field><name>_AnswerInstanceID</name><id>70000099</id><type>CHAR</type></field><field><name>_AnswerInstanceIDField_ID</name><id>70000098</id><type>CHAR</type></field><field><name>_InnerTypeField_ID</name><id>70000097</id><type>CHAR</type></field><field><name>_InnerValueField_ID</name><id>70000096</id><type>CHAR</type></field><field><name>SourceQualification_Displayed</name><id>700001332</id><type>CHAR</type></field><field><name>_InnerFormID</name><id>70000095</id><type>CHAR</type></field><field><name>DynamicList_Qualification_Displayed</name><id>700001331</id><type>CHAR</type></field><field><name>_InnerCurrentListValue</name><id>70000094</id><type>CHAR</type></field><field><name>DynamicList_Qualification</name><id>700001330</id><type>CHAR</type></field><field><name>_InnerListValuesApplied</name><id>70000093</id><type>CHAR</type></field><field><name>_InnerCurrentListItem</name><id>70000092</id><type>CHAR</type></field><field><name>Application</name><id>700036000</id><type>CHAR</type></field><field><name>_InnerLast</name><id>70000091</id><type>INTEGER</type></field><field><name>_InnerNext</name><id>70000090</id><type>INTEGER</type></field><field><name>HideQstnNumber</name><id>700000300</id><type>ENUM</type></field><field><name>_CurrCSSStyle</name><id>70006004</id><type>CHAR</type></field><field><name>_StyleTag</name><id>70006003</id><type>CHAR</type></field><field><name>_StylePartStr</name><id>70006002</id><type>CHAR</type></field><field><name>_StylePos</name><id>70006001</id><type>INTEGER</type></field><field><name>_SemiColonPos</name><id>70006000</id><type>INTEGER</type></field><field><name>AttachmentFileSizeLimit</name><id>700002350</id><type>INTEGER</type></field><field><name>QuestionChoice Instance ID</name><id>700000856</id><type>CHAR</type></field><field><name>Parent Question Instance ID</name><id>700000855</id><type>CHAR</type></field><field><name>_ElementInstanceId</name><id>700007002</id><type>CHAR</type></field><field><name>_QuestionInstanceIDField_ID</name><id>70000089</id><type>CHAR</type></field><field><name>_Dyn_HideShow_Javascript</name><id>70000088</id><type>CHAR</type></field><field><name>_ValueField_ID</name><id>70000087</id><type>CHAR</type></field><field><name>_OrderField_ID</name><id>70000086</id><type>CHAR</type></field><field><name>SurveyInstanceID</name><id>700000850</id><type>CHAR</type></field><field><name>_CurrentListValue</name><id>70000085</id><type>CHAR</type></field><field><name>_Choice_TypeField_ID</name><id>70000084</id><type>CHAR</type></field><field><name>Dynamic_List_Value</name><id>700001320</id><type>CHAR</type></field><field><name>_FormID</name><id>70000083</id><type>CHAR</type></field><field><name>_SurveyInstanceID_Field_ID</name><id>70000082</id><type>CHAR</type></field><field><name>_CurrentListItem</name><id>70000081</id><type>CHAR</type></field><field><name>_ListValuesApplied</name><id>70000080</id><type>CHAR</type></field><field><name>FieldMapNumber</name><id>700001123</id><type>INTEGER</type></field><field><name>_CurrentMapNumber</name><id>700008021</id><type>INTEGER</type></field><field><name>_TempFieldMapNumber</name><id>700008020</id><type>INTEGER</type></field><field><name>_InnerAnswerInstanceIDField_ID</name><id>536870916</id><type>CHAR</type></field><field><name>FieldMapOption</name><id>700071874</id><type>ENUM</type></field><field><name>_InnerType</name><id>70000079</id><type>INTEGER</type></field><field><name>Answer_MappingFieldID</name><id>700060521</id><type>CHAR</type></field><field><name>_AnswerEventType</name><id>70000078</id><type>CHAR</type></field><field><name>Dynamic_List_Label</name><id>700001310</id><type>CHAR</type></field><field><name>Answer_CSS_Style</name><id>70000108</id><type>CHAR</type></field><field><name>Label_CSS_Style</name><id>70000107</id><type>CHAR</type></field><field><name>Number_CSS_Style</name><id>70000106</id><type>CHAR</type></field><field><name>Layer_CSS_Style</name><id>70000105</id><type>CHAR</type></field><field><name>AdvanceFormattingApplied</name><id>70000104</id><type>ENUM</type></field><field><name>Answer_Div_Tag</name><id>70000103</id><type>CHAR</type></field><field><name>Label_Div_Tag</name><id>70000102</id><type>CHAR</type></field><field><name>Number_Div_Tag</name><id>70000101</id><type>CHAR</type></field><field><name>Layer_Div_Tag</name><id>70000100</id><type>CHAR</type></field><field><name>Dynamic_List_Form</name><id>700001300</id><type>CHAR</type></field><field><name>Answer_HTML</name><id>70000060</id><type>CHAR</type></field><field><name>_AuditContext</name><id>600001020</id><type>CHAR</type></field><field><name>Pattern InstanceId</name><id>700008004</id><type>CHAR</type></field><field><name>Pattern</name><id>700008001</id><type>CHAR</type></field><field><name>Pattern Label</name><id>700008000</id><type>CHAR</type></field><field><name>DynamicDefaultBaseType</name><id>700000035</id><type>ENUM</type></field><field><name>SourceQualificationString</name><id>700000034</id><type>CHAR</type></field><field><name>Short Description</name><id>8</id><type>CHAR</type></field><field><name>Source_Form_ID</name><id>700000422</id><type>CHAR</type></field><field><name>Status</name><id>7</id><type>ENUM</type></field><field><name>Source_Field_Data_Type</name><id>700000421</id><type>INTEGER</type></field><field><name>Modified Date</name><id>6</id><type>TIME</type></field><field><name>Source_Field_Name</name><id>700000420</id><type>CHAR</type></field><field><name>Last Modified By</name><id>5</id><type>CHAR</type></field><field><name>Assigned To</name><id>4</id><type>CHAR</type></field><field><name>Create Date</name><id>3</id><type>TIME</type></field><field><name>Submitter</name><id>2</id><type>CHAR</type></field><field><name>Request ID</name><id>1</id><type>CHAR</type></field><field><name>_display</name><id>700001240</id><type>CHAR</type></field><field><name>BlankQuestionLabel</name><id>700070615</id><type>ENUM</type></field><field><name>CloneSourceSurveyInstanceID</name><id>700001046</id><type>CHAR</type></field><field><name>CloneSourceQuestionInstanceID</name><id>700001045</id><type>CHAR</type></field><field><name>DynList_SortByFieldId</name><id>700003490</id><type>CHAR</type></field><field><name>_ActionThree</name><id>700001043</id><type>CHAR</type></field><field><name>Editor Label</name><id>700001833</id><type>CHAR</type></field><field><name>Default_Answer</name><id>700001832</id><type>CHAR</type></field><field><name>AssigneeGroup</name><id>112</id><type>CHAR</type></field><field><name>CSSStyleClass</name><id>700060050</id><type>CHAR</type></field><field><name>TextRows</name><id>700000016</id><type>INTEGER</type></field><field><name>TextSize</name><id>700000015</id><type>INTEGER</type></field><field><name>_Multi-Purpose10</name><id>600000099</id><type>CHAR</type></field><field><name>Max Number of Characters</name><id>700000014</id><type>INTEGER</type></field><field><name>_Multi-Purpose9</name><id>600000098</id><type>CHAR</type></field><field><name>_Multi-Purpose-Integer</name><id>600000097</id><type>INTEGER</type></field><field><name>Maximum</name><id>700000012</id><type>INTEGER</type></field><field><name>HelpText</name><id>700011200</id><type>CHAR</type></field><field><name>_Multi-Purpose7</name><id>600000096</id><type>CHAR</type></field><field><name>Minimum</name><id>700000011</id><type>INTEGER</type></field><field><name>_Multi-Purpose6</name><id>600000095</id><type>CHAR</type></field><field><name>Answer Mapping</name><id>700000010</id><type>CHAR</type></field><field><name>_Multi-Purpose5</name><id>600000094</id><type>CHAR</type></field><field><name>_Multi-Purpose4</name><id>600000093</id><type>CHAR</type></field><field><name>_Multi-Purpose3</name><id>600000092</id><type>CHAR</type></field><field><name>_Multi-Purpose2</name><id>600000091</id><type>CHAR</type></field><field><name>_Multi-Purpose</name><id>600000090</id><type>CHAR</type></field><field><name>_Next</name><id>700001239</id><type>INTEGER</type></field></field-info><entry id="000000000000010"><field_value id="710060721"/><field_value id="710060720"/><field_value id="700000400"><value>0</value></field_value><field_value id="700000008"/><field_value id="700001190"/><field_value id="700005016"><value>Horizontal</value></field_value><field_value id="700000004"/><field_value id="700000003"><value>Please enter your first name</value></field_value><field_value id="700005014"/><field_value id="700000002"><value>Free Text</value></field_value><field_value id="700005013"/><field_value id="700005012"/><field_value id="700005010"><value>2</value></field_value><field_value id="710060710"/><field_value id="700001380"/><field_value id="700003470"/><field_value id="600000310"/><field_value id="700005006"/><field_value id="700005005"/><field_value id="700005002"><value>0</value></field_value><field_value id="700005001"/><field_value id="710060709"/><field_value id="710060708"/><field_value id="710060707"/><field_value id="710060706"/><field_value id="710060705"/><field_value id="710060704"/><field_value id="710060702"/><field_value id="710060701"/><field_value id="710060700"/><field_value id="700001211"/><field_value id="700001179"/><field_value id="700001210"/><field_value id="700001177"/><field_value id="700001370"/><field_value id="600000300"/><field_value id="600000101"/><field_value id="700002239"/><field_value id="70000201"/><field_value id="70000200"/><field_value id="700002390"/><field_value id="700073060"/><field_value id="700001201"/><field_value id="700001200"><value>5.00</value></field_value><field_value id="700001360"/><field_value id="700001000"><value>Startup Survey</value></field_value><field_value id="490000700"/><field_value id="700002380"><value>Clear</value></field_value><field_value id="700073051"/><field_value id="700073050"/><field_value id="700065214"/><field_value id="700001350"/><field_value id="700009879"/><field_value id="700009878"/><field_value id="700060003"><value>Please enter your first name</value></field_value><field_value id="700000322"/><field_value id="700060000"/><field_value id="700000128"/><field_value id="600000043"/><field_value id="600000042"/><field_value id="700002370"><value>Load</value></field_value><field_value id="700001346"><value>0</value></field_value><field_value id="179"><value>KS000C29B22419Tar1RQ[sEEBg0wAA</value></field_value><field_value id="700002400"/><field_value id="700000114"/><field_value id="700002360"/><field_value id="700002002"/><field_value id="700002001"/><field_value id="700002000"/><field_value id="70000099"/><field_value id="70000098"/><field_value id="70000097"/><field_value id="70000096"/><field_value id="700001332"/><field_value id="70000095"/><field_value id="700001331"/><field_value id="70000094"/><field_value id="700001330"/><field_value id="70000093"/><field_value id="70000092"/><field_value id="700036000"/><field_value id="70000091"/><field_value id="70000090"/><field_value id="700000300"/><field_value id="70006004"/><field_value id="70006003"/><field_value id="70006002"/><field_value id="70006001"/><field_value id="70006000"/><field_value id="700002350"><value>1024</value></field_value><field_value id="700000856"/><field_value id="700000855"><value>KS000C29B22419Tar1RQ[sEEBg0wAA</value></field_value><field_value id="700007002"/><field_value id="70000089"/><field_value id="70000088"/><field_value id="70000087"/><field_value id="70000086"/><field_value id="700000850"><value>KS000C29B22419iJz1RQJfbOBQqgAA</value></field_value><field_value id="70000085"/><field_value id="70000084"/><field_value id="700001320"/><field_value id="70000083"/><field_value id="70000082"/><field_value id="70000081"/><field_value id="70000080"/><field_value id="700001123"><value>1</value></field_value><field_value id="700008021"/><field_value id="700008020"/><field_value id="536870916"/><field_value id="700071874"/><field_value id="70000079"/><field_value id="700060521"><value>400007300</value></field_value><field_value id="70000078"/><field_value id="700001310"/><field_value id="70000108"><value>position: relative;</value></field_value><field_value id="70000107"><value>position: relative;</value></field_value><field_value id="70000106"/><field_value id="70000105"><value>position:relative;</value></field_value><field_value id="70000104"/><field_value id="70000103"><value>&lt;div class='questionAnswer' id='QANSWER_KS000C29B22419Tar1RQ[sEEBg0wAA' label='Please enter your name' style='position: relative;'&gt;</value></field_value><field_value id="70000102"><value>&lt;div class='questionLabel' id='QLABEL_KS000C29B22419Tar1RQ[sEEBg0wAA' label='Please enter your name' style='position: relative;'&gt;</value></field_value><field_value id="70000101"/><field_value id="70000100"><value>&lt;div class='questionLayer ' id='QLAYER_KS000C29B22419Tar1RQ[sEEBg0wAA' label='Please enter your name' title='' style='position:relative;'&gt;</value></field_value><field_value id="700001300"/><field_value id="70000060"><value>&lt;input type='text' id='SRVQSTN_KS000C29B22419Tar1RQ[sEEBg0wAA' class='answerValue answerText'  name='SRVQSTN_KS000C29B22419Tar1RQ[sEEBg0wAA' size='30' maxlength='' errorValue='' validationText=''  validationFormat='' transient=''/&gt;</value></field_value><field_value id="600001020"/><field_value id="700008004"/><field_value id="700008001"/><field_value id="700008000"/><field_value id="700000035"><value>0</value></field_value><field_value id="700000034"/><field_value id="8"><value>na</value></field_value><field_value id="700000422"/><field_value id="7"><value>0</value></field_value><field_value id="700000421"><value>0</value></field_value><field_value id="6"><value>1287019719</value></field_value><field_value id="700000420"/><field_value id="5"><value>Demo</value></field_value><field_value id="4"/><field_value id="3"><value>1173749437</value></field_value><field_value id="2"><value>Demo</value></field_value><field_value id="1"><value>000000000000010</value></field_value><field_value id="700001240"/><field_value id="700070615"/><field_value id="700001046"/><field_value id="700001045"/><field_value id="700003490"/><field_value id="700001043"/><field_value id="700001833"><value>Please enter your name</value></field_value><field_value id="700001832"/><field_value id="112"><value>0;</value></field_value><field_value id="700060050"/><field_value id="700000016"><value>1</value></field_value><field_value id="700000015"><value>30</value></field_value><field_value id="600000099"/><field_value id="700000014"/><field_value id="600000098"/><field_value id="600000097"/><field_value id="700000012"/><field_value id="700011200"/><field_value id="600000096"/><field_value id="700000011"/><field_value id="600000095"/><field_value id="700000010"><value>First Name</value></field_value><field_value id="600000094"/><field_value id="600000093"/><field_value id="600000092"/><field_value id="600000091"/><field_value id="600000090"/><field_value id="700001239"/></entry><entry id="000000000000011"><field_value id="710060721"/><field_value id="710060720"/><field_value id="700000400"><value>0</value></field_value><field_value id="700000008"/><field_value id="700001190"><value>Email Address (Standard Email Address)</value></field_value><field_value id="700005016"><value>Horizontal</value></field_value><field_value id="700000004"/><field_value id="700000003"><value>Email Address</value></field_value><field_value id="700005014"/><field_value id="700000002"><value>Email</value></field_value><field_value id="700005013"/><field_value id="700005012"/><field_value id="700005010"><value>2</value></field_value><field_value id="710060710"/><field_value id="700001380"/><field_value id="700003470"/><field_value id="600000310"/><field_value id="700005006"/><field_value id="700005005"/><field_value id="700005002"><value>0</value></field_value><field_value id="700005001"/><field_value id="710060709"/><field_value id="710060708"/><field_value id="710060707"/><field_value id="710060706"/><field_value id="710060705"/><field_value id="710060704"/><field_value id="710060702"/><field_value id="710060701"/><field_value id="710060700"/><field_value id="700001211"/><field_value id="700001179"/><field_value id="700001210"/><field_value id="700001177"><value>0</value></field_value><field_value id="700001370"/><field_value id="600000300"/><field_value id="600000101"/><field_value id="700002239"/><field_value id="70000201"/><field_value id="70000200"/><field_value id="700002390"/><field_value id="700073060"/><field_value id="700001201"/><field_value id="700001200"><value>6.00</value></field_value><field_value id="700001360"/><field_value id="700001000"><value>Startup Survey</value></field_value><field_value id="490000700"/><field_value id="700002380"><value>Clear</value></field_value><field_value id="700073051"/><field_value id="700073050"/><field_value id="700065214"/><field_value id="700001350"/><field_value id="700009879"/><field_value id="700009878"/><field_value id="700060003"><value>Email Address</value></field_value><field_value id="700000322"/><field_value id="700060000"/><field_value id="700000128"/><field_value id="600000043"/><field_value id="600000042"/><field_value id="700002370"><value>Load</value></field_value><field_value id="700001346"/><field_value id="179"><value>KS000C29B22419Yqr1RQgBMFBg2AAA</value></field_value><field_value id="700002400"/><field_value id="700000114"/><field_value id="700002360"/><field_value id="700002002"/><field_value id="700002001"/><field_value id="700002000"/><field_value id="70000099"/><field_value id="70000098"/><field_value id="70000097"/><field_value id="70000096"/><field_value id="700001332"/><field_value id="70000095"/><field_value id="700001331"/><field_value id="70000094"/><field_value id="700001330"/><field_value id="70000093"/><field_value id="70000092"/><field_value id="700036000"/><field_value id="70000091"/><field_value id="70000090"/><field_value id="700000300"/><field_value id="70006004"/><field_value id="70006003"/><field_value id="70006002"/><field_value id="70006001"/><field_value id="70006000"/><field_value id="700002350"><value>1024</value></field_value><field_value id="700000856"/><field_value id="700000855"><value>KS000C29B22419Yqr1RQgBMFBg2AAA</value></field_value><field_value id="700007002"/><field_value id="70000089"/><field_value id="70000088"/><field_value id="70000087"/><field_value id="70000086"/><field_value id="700000850"><value>KS000C29B22419iJz1RQJfbOBQqgAA</value></field_value><field_value id="70000085"/><field_value id="70000084"/><field_value id="700001320"/><field_value id="70000083"/><field_value id="70000082"/><field_value id="70000081"/><field_value id="70000080"/><field_value id="700001123"><value>2</value></field_value><field_value id="700008021"/><field_value id="700008020"/><field_value id="536870916"/><field_value id="700071874"/><field_value id="70000079"/><field_value id="700060521"><value>700004000</value></field_value><field_value id="70000078"/><field_value id="700001310"/><field_value id="70000108"><value>position: relative;</value></field_value><field_value id="70000107"><value>position: relative;</value></field_value><field_value id="70000106"/><field_value id="70000105"><value>position:relative;</value></field_value><field_value id="70000104"/><field_value id="70000103"><value>&lt;div class='questionAnswer' id='QANSWER_KS000C29B22419Yqr1RQgBMFBg2AAA' label='Email Address' style='position: relative;'&gt;</value></field_value><field_value id="70000102"><value>&lt;div class='questionLabel' id='QLABEL_KS000C29B22419Yqr1RQgBMFBg2AAA' label='Email Address' style='position: relative;'&gt;</value></field_value><field_value id="70000101"/><field_value id="70000100"><value>&lt;div class='questionLayer ' id='QLAYER_KS000C29B22419Yqr1RQgBMFBg2AAA' label='Email Address' title='' style='position:relative;'&gt;</value></field_value><field_value id="700001300"/><field_value id="70000060"><value>&lt;input type='text' id='SRVQSTN_KS000C29B22419Yqr1RQgBMFBg2AAA' class='answerValue answerText' name='SRVQSTN_KS000C29B22419Yqr1RQgBMFBg2AAA' size='30' required='true' errorValue='' validationText='Email Address (Standard Email Address)' validationFormat='^[\w-\.]+\@[\w\.-]+\.[a-zA-Z]{2,4}$' transient=''/&gt;</value></field_value><field_value id="600001020"/><field_value id="700008004"><value>AG000C29497A1APgKcRQq05SBgiQIA</value></field_value><field_value id="700008001"><value>^[\w-\.]+\@[\w\.-]+\.[a-zA-Z]{2,4}$</value></field_value><field_value id="700008000"><value>Standard Email Address</value></field_value><field_value id="700000035"><value>0</value></field_value><field_value id="700000034"/><field_value id="8"><value>na</value></field_value><field_value id="700000422"/><field_value id="7"><value>0</value></field_value><field_value id="700000421"><value>0</value></field_value><field_value id="6"><value>1287019724</value></field_value><field_value id="700000420"/><field_value id="5"><value>Demo</value></field_value><field_value id="4"/><field_value id="3"><value>1173749471</value></field_value><field_value id="2"><value>Demo</value></field_value><field_value id="1"><value>000000000000011</value></field_value><field_value id="700001240"/><field_value id="700070615"/><field_value id="700001046"/><field_value id="700001045"/><field_value id="700003490"/><field_value id="700001043"/><field_value id="700001833"><value>Email Address</value></field_value><field_value id="700001832"/><field_value id="112"><value>0;</value></field_value><field_value id="700060050"/><field_value id="700000016"><value>1</value></field_value><field_value id="700000015"><value>30</value></field_value><field_value id="600000099"/><field_value id="700000014"/><field_value id="600000098"/><field_value id="600000097"/><field_value id="700000012"/><field_value id="700011200"/><field_value id="600000096"/><field_value id="700000011"/><field_value id="600000095"/><field_value id="700000010"><value>Contact Info Value</value></field_value><field_value id="600000094"/><field_value id="600000093"/><field_value id="600000092"/><field_value id="600000091"/><field_value id="600000090"/><field_value id="700001239"/></entry></instance></xform></arsystem_xml_report>